anon_school,anon_class,anon_pid,d01,d02,d03,d04,d05,d06,d07,d08,d09,d10,d11,d12,d13,d14,d15,d16,d17,d18,d19,d20,d21
SCH_004,CLS_0017,P002519,,,,,,,,,,,,,,,,,,,,,
SCH_004,CLS_0017,P002118,,,,,,,,,,,,,,,,,,,,,
SCH_004,CLS_0017,P007753,,,,,,,,,,,,,,,,,,,,,
SCH_004,CLS_0017,P003791,,,,,,,,,,,,,,,,,,,,,
SCH_004,CLS_0012,P002730,,,,,,,,,,,,,,,,,,,,,
SCH_004,CLS_0012,P002751,,,,,,,,,,,,,,,,,,,,,
SCH_004,CLS_0012,P006255,,,,,,,,,,,,,,,,,,,,,
SCH_004,CLS_0012,P000484,,,,,,,,,,,,,,,,,,,,,
SCH_004,CLS_0149,P007733,,,,,,,,,,,,,,,,,,,,,
SCH_004,CLS_0149,P005119,,,,,,,,,,,,,,,,,,,,,
SCH_004,CLS_0149,P001771,,,,,,,,,,,,,,,,,,,,,
SCH_004,CLS_0149,P006050,,,,,,,,,,,,,,,,,,,,,
SCH_004,CLS_0218,P002944,,,,,,,,,,,,,,,,,,,,,
SCH_004,CLS_0218,P002387,,,,,,,,,,,,,,,,,,,,,
SCH_004,CLS_0051,P001221,,,,,,,,,,,,,,,,,,,,,
SCH_004,CLS_0051,P006602,,,,,,,,,,,,,,,,,,,,,
SCH_004,CLS_0068,P004817,,,,,,,,,,,,,,,,,,,,,
SCH_004,CLS_0068,P003277,,,,,,,,,,,,,,,,,,,,,
SCH_004,CLS_0068,P005907,,,,,,,,,,,,,,,,,,,,,
SCH_004,CLS_0068,P004176,,,,,,,,,,,,,,,,,,,,,
SCH_004,CLS_0068,P001774,,,,,,,,,,,,,,,,,,,,,
SCH_004,CLS_0007,P000107,,,,,,,,,,,,,,,,,,,,,
SCH_004,CLS_0007,P000075,,,,,,,,,,,,,,,,,,,,,
SCH_004,CLS_0007,P001326,,,,,,,,,,,,,,,,,,,,,
SCH_004,CLS_0007,P006546,,,,,,,,,,,,,,,,,,,,,
SCH_004,CLS_0007,P006961,,,,,,,,,,,,,,,,,,,,,
SCH_004,CLS_0208,P005026,,,,,,,,,,,,,,,,,,,,,
SCH_004,CLS_0208,P006502,,,,,,,,,,,,,,,,,,,,,
SCH_004,CLS_0208,P002824,,,,,,,,,,,,,,,,,,,,,
SCH_004,CLS_0208,P006905,,,,,,,,,,,,,,,,,,,,,
SCH_004,CLS_0208,P004249,,,,,,,,,,,,,,,,,,,,,
SCH_009,CLS_0154,P001562,,,,,,,,,,,,,,,,,,,,,
SCH_009,CLS_0164,P006087,,,,,,,,,,,,,,,,,,,,,
SCH_009,CLS_0164,P004127,,,,,,,,,,,,,,,,,,,,,
SCH_009,CLS_0179,P006578,,,,,,,,,,,,,,,,,,,,,
SCH_009,CLS_0179,P007372,,,,,,,,,,,,,,,,,,,,,
SCH_009,CLS_0243,P007024,,,,,,,,,,,,,,,,,,,,,
SCH_009,CLS_0243,P002865,,,,,,,,,,,,,,,,,,,,,
SCH_009,CLS_0144,P007773,,,,,,,,,,,,,,,,,,,,,
SCH_009,CLS_0144,P000037,,,,,,,,,,,,,,,,,,,,,
SCH_009,CLS_0144,P003106,,,,,,,,,,,,,,,,,,,,,
SCH_009,CLS_0144,P003326,,,,,,,,,,,,,,,,,,,,,
SCH_009,CLS_0185,P003097,,,,,,,,,,,,,,,,,,,,,
SCH_009,CLS_0185,P002533,,,,,,,,,,,,,,,,,,,,,
SCH_009,CLS_0185,P002139,,,,,,,,,,,,,,,,,,,,,
SCH_009,CLS_0185,P001765,,,,,,,,,,,,,,,,,,,,,
SCH_009,CLS_0185,P007699,,,,,,,,,,,,,,,,,,,,,
SCH_009,CLS_0185,P002825,,,,,,,,,,,,,,,,,,,,,
SCH_009,CLS_0166,P005766,,,,,,,,,,,,,,,,,,,,,
SCH_009,CLS_0166,P004273,,,,,,,,,,,,,,,,,,,,,
SCH_009,CLS_0168,P003818,,,,,,,,,,,,,,,,,,,,,
SCH_009,CLS_0168,P005400,,,,,,,,,,,,,,,,,,,,,
SCH_009,CLS_0168,P003998,,,,,,,,,,,,,,,,,,,,,
SCH_009,CLS_0096,P003553,,,,,,,,,,,,,,,,,,,,,
SCH_009,CLS_0096,P001797,,,,,,,,,,,,,,,,,,,,,
SCH_009,CLS_0096,P006543,,,,,,,,,,,,,,,,,,,,,
SCH_009,CLS_0055,P005655,,,,,,,,,,,,,,,,,,,,,
SCH_009,CLS_0230,P000334,,,,,,,,,,,,,,,,,,,,,
SCH_009,CLS_0230,P006449,,,,,,,,,,,,,,,,,,,,,
SCH_009,CLS_0230,P001695,,,,,,,,,,,,,,,,,,,,,
SCH_009,CLS_0230,P002595,,,,,,,,,,,,,,,,,,,,,
SCH_009,CLS_0121,P002092,,,,,,,,,,,,,,,,,,,,,
SCH_009,CLS_0121,P005176,,,,,,,,,,,,,,,,,,,,,
SCH_009,CLS_0080,P001046,,,,,,,,,,,,,,,,,,,,,
SCH_009,CLS_0076,P006862,,,,,,,,,,,,,,,,,,,,,
SCH_009,CLS_0076,P005362,,,,,,,,,,,,,,,,,,,,,
SCH_009,CLS_0251,P002525,,,,,,,,,,,,,,,,,,,,,
SCH_009,CLS_0251,P002755,,,,,,,,,,,,,,,,,,,,,
SCH_009,CLS_0251,P005257,,,,,,,,,,,,,,,,,,,,,
SCH_009,CLS_0251,P001926,,,,,,,,,,,,,,,,,,,,,
SCH_009,CLS_0251,P006718,,,,,,,,,,,,,,,,,,,,,
SCH_009,CLS_0251,P007427,,,,,,,,,,,,,,,,,,,,,
SCH_009,CLS_0009,P000656,,,,,,,,,,,,,,,,,,,,,
SCH_009,CLS_0138,P004893,,,,,,,,,,,,,,,,,,,,,
SCH_009,CLS_0138,P001005,,,,,,,,,,,,,,,,,,,,,
SCH_009,CLS_0138,P001457,,,,,,,,,,,,,,,,,,,,,
SCH_009,CLS_0138,P007448,,,,,,,,,,,,,,,,,,,,,
SCH_009,CLS_0216,P002300,,,,,,,,,,,,,,,,,,,,,
SCH_009,CLS_0216,P004311,,,,,,,,,,,,,,,,,,,,,
SCH_009,CLS_0032,P002581,,,,,,,,,,,,,,,,,,,,,
SCH_009,CLS_0032,P006240,,,,,,,,,,,,,,,,,,,,,
SCH_009,CLS_0032,P000012,,,,,,,,,,,,,,,,,,,,,
SCH_009,CLS_0032,P006871,,,,,,,,,,,,,,,,,,,,,
SCH_009,CLS_0032,P003725,,,,,,,,,,,,,,,,,,,,,
SCH_009,CLS_0145,P005340,,,,,,,,,,,,,,,,,,,,,
SCH_009,CLS_0145,P005070,,,,,,,,,,,,,,,,,,,,,
SCH_009,CLS_0145,P005129,,,,,,,,,,,,,,,,,,,,,
SCH_009,CLS_0145,P000951,,,,,,,,,,,,,,,,,,,,,
SCH_009,CLS_0111,P000370,,,,,,,,,,,,,,,,,,,,,
SCH_009,CLS_0111,P007111,,,,,,,,,,,,,,,,,,,,,
SCH_009,CLS_0111,P002926,,,,,,,,,,,,,,,,,,,,,
SCH_009,CLS_0200,P007038,,,,,,,,,,,,,,,,,,,,,
SCH_009,CLS_0200,P006665,,,,,,,,,,,,,,,,,,,,,
SCH_009,CLS_0200,P002484,,,,,,,,,,,,,,,,,,,,,
SCH_009,CLS_0085,P006308,,,,,,,,,,,,,,,,,,,,,
SCH_009,CLS_0085,P007776,,,,,,,,,,,,,,,,,,,,,
SCH_009,CLS_0085,P003821,,,,,,,,,,,,,,,,,,,,,
SCH_009,CLS_0085,P006173,,,,,,,,,,,,,,,,,,,,,
SCH_009,CLS_0029,P006363,,,,,,,,,,,,,,,,,,,,,
SCH_009,CLS_0029,P004096,,,,,,,,,,,,,,,,,,,,,
SCH_009,CLS_0029,P004967,,,,,,,,,,,,,,,,,,,,,
SCH_009,CLS_0029,P003156,,,,,,,,,,,,,,,,,,,,,
SCH_009,CLS_0029,P002366,,,,,,,,,,,,,,,,,,,,,
SCH_009,CLS_0029,P007329,,,,,,,,,,,,,,,,,,,,,
SCH_009,CLS_0162,P006668,,,,,,,,,,,,,,,,,,,,,
SCH_009,CLS_0162,P000210,,,,,,,,,,,,,,,,,,,,,
SCH_009,CLS_0162,P006416,,,,,,,,,,,,,,,,,,,,,
SCH_009,CLS_0162,P003372,,,,,,,,,,,,,,,,,,,,,
SCH_009,CLS_0162,P004900,,,,,,,,,,,,,,,,,,,,,
SCH_009,CLS_0162,P004446,,,,,,,,,,,,,,,,,,,,,
SCH_009,CLS_0162,P002668,,,,,,,,,,,,,,,,,,,,,
SCH_009,CLS_0162,P006796,,,,,,,,,,,,,,,,,,,,,
SCH_009,CLS_0075,P003846,,,,,,,,,,,,,,,,,,,,,
SCH_009,CLS_0075,P006895,,,,,,,,,,,,,,,,,,,,,
SCH_009,CLS_0075,P005728,,,,,,,,,,,,,,,,,,,,,
SCH_009,CLS_0183,P001544,,,,,,,,,,,,,,,,,,,,,
SCH_009,CLS_0183,P003595,,,,,,,,,,,,,,,,,,,,,
SCH_009,CLS_0183,P000503,,,,,,,,,,,,,,,,,,,,,
SCH_009,CLS_0183,P003929,,,,,,,,,,,,,,,,,,,,,
SCH_009,CLS_0183,P004841,,,,,,,,,,,,,,,,,,,,,
SCH_009,CLS_0183,P005236,,,,,,,,,,,,,,,,,,,,,
SCH_009,CLS_0183,P006511,,,,,,,,,,,,,,,,,,,,,
SCH_009,CLS_0183,P007087,,,,,,,,,,,,,,,,,,,,,
SCH_009,CLS_0183,P002612,,,,,,,,,,,,,,,,,,,,,
SCH_009,CLS_0183,P001556,,,,,,,,,,,,,,,,,,,,,
SCH_009,CLS_0108,P007183,,,,,,,,,,,,,,,,,,,,,
SCH_009,CLS_0108,P004874,,,,,,,,,,,,,,,,,,,,,
SCH_009,CLS_0108,P001581,,,,,,,,,,,,,,,,,,,,,
SCH_009,CLS_0108,P002359,,,,,,,,,,,,,,,,,,,,,
SCH_009,CLS_0108,P005132,,,,,,,,,,,,,,,,,,,,,
SCH_009,CLS_0108,P003448,,,,,,,,,,,,,,,,,,,,,
SCH_009,CLS_0087,P003347,,,,,,,,,,,,,,,,,,,,,
SCH_009,CLS_0087,P004877,,,,,,,,,,,,,,,,,,,,,
SCH_009,CLS_0087,P005118,,,,,,,,,,,,,,,,,,,,,
SCH_009,CLS_0087,P005219,,,,,,,,,,,,,,,,,,,,,
SCH_009,CLS_0087,P004156,,,,,,,,,,,,,,,,,,,,,
SCH_003,CLS_0116,P004572,,,,,,,,,,,,,,,,,,,,,
SCH_003,CLS_0116,P007270,,,,,,,,,,,,,,,,,,,,,
SCH_003,CLS_0116,P006572,,,,,,,,,,,,,,,,,,,,,
SCH_003,CLS_0116,P002744,,,,,,,,,,,,,,,,,,,,,
SCH_003,CLS_0116,P004293,,,,,,,,,,,,,,,,,,,,,
SCH_003,CLS_0073,P007049,,,,,,,,,,,,,,,,,,,,,
SCH_003,CLS_0073,P005049,,,,,,,,,,,,,,,,,,,,,
SCH_003,CLS_0073,P000217,,,,,,,,,,,,,,,,,,,,,
SCH_003,CLS_0073,P002110,,,,,,,,,,,,,,,,,,,,,
SCH_003,CLS_0073,P003781,,,,,,,,,,,,,,,,,,,,,
SCH_003,CLS_0073,P002561,,,,,,,,,,,,,,,,,,,,,
SCH_003,CLS_0073,P001936,,,,,,,,,,,,,,,,,,,,,
SCH_003,CLS_0073,P001450,,,,,,,,,,,,,,,,,,,,,
SCH_003,CLS_0073,P007317,,,,,,,,,,,,,,,,,,,,,
SCH_003,CLS_0064,P006019,,,,,,,,,,,,,,,,,,,,,
SCH_003,CLS_0064,P006686,,,,,,,,,,,,,,,,,,,,,
SCH_003,CLS_0064,P004186,,,,,,,,,,,,,,,,,,,,,
SCH_003,CLS_0064,P005042,,,,,,,,,,,,,,,,,,,,,
SCH_003,CLS_0064,P002227,,,,,,,,,,,,,,,,,,,,,
SCH_003,CLS_0228,P006975,,,,,,,,,,,,,,,,,,,,,
SCH_003,CLS_0228,P005304,,,,,,,,,,,,,,,,,,,,,
SCH_003,CLS_0228,P004702,,,,,,,,,,,,,,,,,,,,,
SCH_003,CLS_0228,P005241,,,,,,,,,,,,,,,,,,,,,
SCH_003,CLS_0228,P002238,,,,,,,,,,,,,,,,,,,,,
SCH_003,CLS_0228,P007451,,,,,,,,,,,,,,,,,,,,,
SCH_003,CLS_0228,P007477,,,,,,,,,,,,,,,,,,,,,
SCH_003,CLS_0228,P002291,,,,,,,,,,,,,,,,,,,,,
SCH_003,CLS_0228,P003849,,,,,,,,,,,,,,,,,,,,,
SCH_003,CLS_0196,P002046,,,,,,,,,,,,,,,,,,,,,
SCH_003,CLS_0196,P001572,,,,,,,,,,,,,,,,,,,,,
SCH_003,CLS_0196,P002540,,,,,,,,,,,,,,,,,,,,,
SCH_003,CLS_0196,P006973,,,,,,,,,,,,,,,,,,,,,
SCH_003,CLS_0196,P000445,,,,,,,,,,,,,,,,,,,,,
SCH_003,CLS_0196,P003349,,,,,,,,,,,,,,,,,,,,,
SCH_003,CLS_0092,P000025,,,,,,,,,,,,,,,,,,,,,
SCH_003,CLS_0092,P000693,,,,,,,,,,,,,,,,,,,,,
SCH_003,CLS_0092,P001773,,,,,,,,,,,,,,,,,,,,,
SCH_003,CLS_0092,P000596,,,,,,,,,,,,,,,,,,,,,
SCH_003,CLS_0240,P003607,,,,,,,,,,,,,,,,,,,,,
SCH_003,CLS_0240,P001542,,,,,,,,,,,,,,,,,,,,,
SCH_003,CLS_0240,P003482,,,,,,,,,,,,,,,,,,,,,
SCH_003,CLS_0240,P002541,,,,,,,,,,,,,,,,,,,,,
SCH_003,CLS_0240,P006506,,,,,,,,,,,,,,,,,,,,,
SCH_003,CLS_0240,P000814,,,,,,,,,,,,,,,,,,,,,
SCH_003,CLS_0240,P001788,,,,,,,,,,,,,,,,,,,,,
SCH_003,CLS_0240,P000865,,,,,,,,,,,,,,,,,,,,,
SCH_003,CLS_0048,P001812,,,,,,,,,,,,,,,,,,,,,
SCH_003,CLS_0048,P007294,,,,,,,,,,,,,,,,,,,,,
SCH_003,CLS_0048,P002806,,,,,,,,,,,,,,,,,,,,,
SCH_003,CLS_0048,P001272,,,,,,,,,,,,,,,,,,,,,
SCH_003,CLS_0048,P003646,,,,,,,,,,,,,,,,,,,,,
SCH_003,CLS_0191,P002316,,,,,,,,,,,,,,,,,,,,,
SCH_003,CLS_0060,P004927,,,,,,,,,,,,,,,,,,,,,
SCH_003,CLS_0060,P001838,,,,,,,,,,,,,,,,,,,,,
SCH_003,CLS_0060,P006958,,,,,,,,,,,,,,,,,,,,,
SCH_003,CLS_0060,P005876,,,,,,,,,,,,,,,,,,,,,
SCH_003,CLS_0060,P007139,,,,,,,,,,,,,,,,,,,,,
SCH_003,CLS_0060,P000561,,,,,,,,,,,,,,,,,,,,,
SCH_003,CLS_0060,P003220,,,,,,,,,,,,,,,,,,,,,
SCH_003,CLS_0035,P005713,,,,,,,,,,,,,,,,,,,,,
SCH_003,CLS_0035,P001796,,,,,,,,,,,,,,,,,,,,,
SCH_003,CLS_0035,P001662,,,,,,,,,,,,,,,,,,,,,
SCH_003,CLS_0035,P005981,,,,,,,,,,,,,,,,,,,,,
SCH_003,CLS_0035,P006966,,,,,,,,,,,,,,,,,,,,,
SCH_003,CLS_0035,P004676,,,,,,,,,,,,,,,,,,,,,
SCH_003,CLS_0035,P001389,,,,,,,,,,,,,,,,,,,,,
SCH_003,CLS_0083,P000365,,,,,,,,,,,,,,,,,,,,,
SCH_003,CLS_0083,P000393,,,,,,,,,,,,,,,,,,,,,
SCH_003,CLS_0083,P007022,,,,,,,,,,,,,,,,,,,,,
SCH_003,CLS_0083,P004471,,,,,,,,,,,,,,,,,,,,,
SCH_003,CLS_0083,P006824,,,,,,,,,,,,,,,,,,,,,
SCH_003,CLS_0083,P001114,,,,,,,,,,,,,,,,,,,,,
SCH_003,CLS_0083,P005227,,,,,,,,,,,,,,,,,,,,,
SCH_003,CLS_0130,P002522,,,,,,,,,,,,,,,,,,,,,
SCH_003,CLS_0130,P004673,,,,,,,,,,,,,,,,,,,,,
SCH_003,CLS_0170,P004055,,,,,,,,,,,,,,,,,,,,,
SCH_003,CLS_0140,P004454,,,,,,,,,,,,,,,,,,,,,
SCH_003,CLS_0140,P007380,,,,,,,,,,,,,,,,,,,,,
SCH_003,CLS_0140,P003591,,,,,,,,,,,,,,,,,,,,,
SCH_003,CLS_0140,P002678,,,,,,,,,,,,,,,,,,,,,
SCH_003,CLS_0140,P002848,,,,,,,,,,,,,,,,,,,,,
SCH_003,CLS_0140,P000562,,,,,,,,,,,,,,,,,,,,,
SCH_003,CLS_0140,P006719,,,,,,,,,,,,,,,,,,,,,
SCH_003,CLS_0140,P003473,,,,,,,,,,,,,,,,,,,,,
SCH_003,CLS_0140,P000967,,,,,,,,,,,,,,,,,,,,,
SCH_003,CLS_0105,P005468,,,,,,,,,,,,,,,,,,,,,
SCH_003,CLS_0105,P001784,,,,,,,,,,,,,,,,,,,,,
SCH_003,CLS_0105,P000474,,,,,,,,,,,,,,,,,,,,,
SCH_003,CLS_0105,P005052,,,,,,,,,,,,,,,,,,,,,
SCH_003,CLS_0105,P007120,,,,,,,,,,,,,,,,,,,,,
SCH_003,CLS_0105,P003917,,,,,,,,,,,,,,,,,,,,,
SCH_003,CLS_0105,P004694,,,,,,,,,,,,,,,,,,,,,
SCH_003,CLS_0072,P007586,,,,,,,,,,,,,,,,,,,,,
SCH_003,CLS_0072,P001504,,,,,,,,,,,,,,,,,,,,,
SCH_003,CLS_0072,P007042,,,,,,,,,,,,,,,,,,,,,
SCH_003,CLS_0072,P002033,,,,,,,,,,,,,,,,,,,,,
SCH_003,CLS_0072,P006990,,,,,,,,,,,,,,,,,,,,,
SCH_003,CLS_0072,P000888,,,,,,,,,,,,,,,,,,,,,
SCH_003,CLS_0072,P003897,,,,,,,,,,,,,,,,,,,,,
SCH_003,CLS_0142,P003706,,,,,,,,,,,,,,,,,,,,,
SCH_003,CLS_0142,P000708,,,,,,,,,,,,,,,,,,,,,
SCH_003,CLS_0207,P003113,,,,,,,,,,,,,,,,,,,,,
SCH_003,CLS_0207,P005035,,,,,,,,,,,,,,,,,,,,,
SCH_003,CLS_0207,P003402,,,,,,,,,,,,,,,,,,,,,
SCH_003,CLS_0207,P000392,,,,,,,,,,,,,,,,,,,,,
SCH_003,CLS_0207,P003382,,,,,,,,,,,,,,,,,,,,,
SCH_003,CLS_0207,P001417,,,,,,,,,,,,,,,,,,,,,
SCH_003,CLS_0207,P005338,,,,,,,,,,,,,,,,,,,,,
SCH_003,CLS_0207,P007647,,,,,,,,,,,,,,,,,,,,,
SCH_003,CLS_0207,P000931,,,,,,,,,,,,,,,,,,,,,
SCH_003,CLS_0207,P005168,,,,,,,,,,,,,,,,,,,,,
SCH_003,CLS_0207,P006972,,,,,,,,,,,,,,,,,,,,,
SCH_003,CLS_0207,P000201,,,,,,,,,,,,,,,,,,,,,
SCH_003,CLS_0043,P003522,,,,,,,,,,,,,,,,,,,,,
SCH_003,CLS_0043,P000588,,,,,,,,,,,,,,,,,,,,,
SCH_003,CLS_0043,P003477,,,,,,,,,,,,,,,,,,,,,
SCH_003,CLS_0043,P005626,,,,,,,,,,,,,,,,,,,,,
SCH_003,CLS_0066,P006371,,,,,,,,,,,,,,,,,,,,,
SCH_003,CLS_0066,P005847,,,,,,,,,,,,,,,,,,,,,
SCH_003,CLS_0066,P005326,,,,,,,,,,,,,,,,,,,,,
SCH_003,CLS_0066,P006702,,,,,,,,,,,,,,,,,,,,,
SCH_003,CLS_0173,P002419,,,,,,,,,,,,,,,,,,,,,
SCH_003,CLS_0173,P003543,,,,,,,,,,,,,,,,,,,,,
SCH_003,CLS_0062,P004170,,,,,,,,,,,,,,,,,,,,,
SCH_003,CLS_0062,P003419,,,,,,,,,,,,,,,,,,,,,
SCH_003,CLS_0062,P004780,,,,,,,,,,,,,,,,,,,,,
SCH_003,CLS_0126,P006492,,,,,,,,,,,,,,,,,,,,,
SCH_003,CLS_0126,P006179,,,,,,,,,,,,,,,,,,,,,
SCH_003,CLS_0126,P003913,,,,,,,,,,,,,,,,,,,,,
SCH_003,CLS_0126,P000436,,,,,,,,,,,,,,,,,,,,,
SCH_003,CLS_0126,P002236,,,,,,,,,,,,,,,,,,,,,
SCH_003,CLS_0126,P007576,,,,,,,,,,,,,,,,,,,,,
SCH_003,CLS_0049,P006604,,,,,,,,,,,,,,,,,,,,,
SCH_003,CLS_0174,P000283,,,,,,,,,,,,,,,,,,,,,
SCH_003,CLS_0118,P001098,,,,,,,,,,,,,,,,,,,,,
SCH_003,CLS_0118,P003006,,,,,,,,,,,,,,,,,,,,,
SCH_003,CLS_0157,P007251,,,,,,,,,,,,,,,,,,,,,
SCH_003,CLS_0053,P007358,,,,,,,,,,,,,,,,,,,,,
SCH_003,CLS_0053,P006118,,,,,,,,,,,,,,,,,,,,,
SCH_003,CLS_0153,P000554,,,,,,,,,,,,,,,,,,,,,
SCH_006,CLS_0025,P004659,,,,,,,,,,,,,,,,,,,,,
SCH_006,CLS_0025,P004629,,,,,,,,,,,,,,,,,,,,,
SCH_006,CLS_0056,P000059,,,,,,,,,,,,,,,,,,,,,
SCH_006,CLS_0120,P001462,,,,,,,,,,,,,,,,,,,,,
SCH_006,CLS_0120,P007355,,,,,,,,,,,,,,,,,,,,,
SCH_006,CLS_0120,P001798,,,,,,,,,,,,,,,,,,,,,
SCH_006,CLS_0120,P001793,,,,,,,,,,,,,,,,,,,,,
SCH_006,CLS_0120,P000034,,,,,,,,,,,,,,,,,,,,,
SCH_006,CLS_0120,P007549,,,,,,,,,,,,,,,,,,,,,
SCH_006,CLS_0120,P007053,,,,,,,,,,,,,,,,,,,,,
SCH_006,CLS_0120,P003317,,,,,,,,,,,,,,,,,,,,,
SCH_006,CLS_0018,P000513,,,,,,,,,,,,,,,,,,,,,
SCH_006,CLS_0099,P002186,,,,,,,,,,,,,,,,,,,,,
SCH_006,CLS_0071,P003636,,,,,,,,,,,,,,,,,,,,,
SCH_006,CLS_0139,P005647,,,,,,,,,,,,,,,,,,,,,
SCH_006,CLS_0139,P002367,,,,,,,,,,,,,,,,,,,,,
SCH_006,CLS_0044,P005687,,,,,,,,,,,,,,,,,,,,,
SCH_006,CLS_0044,P002346,,,,,,,,,,,,,,,,,,,,,
SCH_006,CLS_0010,P003118,,,,,,,,,,,,,,,,,,,,,
SCH_006,CLS_0010,P002614,,,,,,,,,,,,,,,,,,,,,
SCH_006,CLS_0010,P006553,,,,,,,,,,,,,,,,,,,,,
SCH_006,CLS_0010,P003925,,,,,,,,,,,,,,,,,,,,,
SCH_006,CLS_0010,P005451,,,,,,,,,,,,,,,,,,,,,
SCH_006,CLS_0010,P001759,,,,,,,,,,,,,,,,,,,,,
SCH_006,CLS_0010,P006611,,,,,,,,,,,,,,,,,,,,,
SCH_006,CLS_0133,P005327,,,,,,,,,,,,,,,,,,,,,
SCH_006,CLS_0133,P007433,,,,,,,,,,,,,,,,,,,,,
SCH_006,CLS_0133,P001273,,,,,,,,,,,,,,,,,,,,,
SCH_006,CLS_0133,P003014,,,,,,,,,,,,,,,,,,,,,
SCH_006,CLS_0133,P007637,,,,,,,,,,,,,,,,,,,,,
SCH_006,CLS_0133,P007590,,,,,,,,,,,,,,,,,,,,,
SCH_006,CLS_0133,P000572,,,,,,,,,,,,,,,,,,,,,
SCH_006,CLS_0133,P005695,,,,,,,,,,,,,,,,,,,,,
SCH_006,CLS_0123,P002963,,,,,,,,,,,,,,,,,,,,,
SCH_006,CLS_0123,P006182,,,,,,,,,,,,,,,,,,,,,
SCH_006,CLS_0123,P005509,,,,,,,,,,,,,,,,,,,,,
SCH_006,CLS_0146,P003610,,,,,,,,,,,,,,,,,,,,,
SCH_006,CLS_0146,P004084,,,,,,,,,,,,,,,,,,,,,
SCH_006,CLS_0146,P007040,,,,,,,,,,,,,,,,,,,,,
SCH_006,CLS_0146,P001982,,,,,,,,,,,,,,,,,,,,,
SCH_006,CLS_0098,P002136,,,,,,,,,,,,,,,,,,,,,
SCH_006,CLS_0098,P007273,,,,,,,,,,,,,,,,,,,,,
SCH_006,CLS_0098,P002922,,,,,,,,,,,,,,,,,,,,,
SCH_006,CLS_0098,P006349,,,,,,,,,,,,,,,,,,,,,
SCH_006,CLS_0098,P006486,,,,,,,,,,,,,,,,,,,,,
SCH_006,CLS_0098,P007311,,,,,,,,,,,,,,,,,,,,,
SCH_006,CLS_0098,P006630,,,,,,,,,,,,,,,,,,,,,
SCH_006,CLS_0006,P000617,,,,,,,,,,,,,,,,,,,,,
SCH_006,CLS_0006,P004788,,,,,,,,,,,,,,,,,,,,,
SCH_006,CLS_0006,P001155,,,,,,,,,,,,,,,,,,,,,
SCH_006,CLS_0006,P002676,,,,,,,,,,,,,,,,,,,,,
SCH_006,CLS_0031,P007646,,,,,,,,,,,,,,,,,,,,,
SCH_006,CLS_0031,P003121,,,,,,,,,,,,,,,,,,,,,
SCH_006,CLS_0031,P006323,,,,,,,,,,,,,,,,,,,,,
SCH_006,CLS_0031,P004906,,,,,,,,,,,,,,,,,,,,,
SCH_006,CLS_0234,P005844,,,,,,,,,,,,,,,,,,,,,
SCH_006,CLS_0234,P005365,,,,,,,,,,,,,,,,,,,,,
SCH_006,CLS_0234,P002438,,,,,,,,,,,,,,,,,,,,,
SCH_006,CLS_0026,P004818,,,,,,,,,,,,,,,,,,,,,
SCH_006,CLS_0026,P001381,,,,,,,,,,,,,,,,,,,,,
SCH_006,CLS_0026,P003204,,,,,,,,,,,,,,,,,,,,,
SCH_006,CLS_0026,P006752,,,,,,,,,,,,,,,,,,,,,
SCH_006,CLS_0026,P005388,,,,,,,,,,,,,,,,,,,,,
SCH_006,CLS_0026,P000607,,,,,,,,,,,,,,,,,,,,,
SCH_006,CLS_0002,P004383,,,,,,,,,,,,,,,,,,,,,
SCH_006,CLS_0002,P007249,,,,,,,,,,,,,,,,,,,,,
SCH_006,CLS_0103,P004570,,,,,,,,,,,,,,,,,,,,,
SCH_006,CLS_0103,P003284,,,,,,,,,,,,,,,,,,,,,
SCH_006,CLS_0103,P007633,,,,,,,,,,,,,,,,,,,,,
SCH_006,CLS_0103,P005081,,,,,,,,,,,,,,,,,,,,,
SCH_006,CLS_0103,P005529,,,,,,,,,,,,,,,,,,,,,
SCH_006,CLS_0103,P004727,,,,,,,,,,,,,,,,,,,,,
SCH_006,CLS_0103,P001006,,,,,,,,,,,,,,,,,,,,,
SCH_006,CLS_0103,P003381,,,,,,,,,,,,,,,,,,,,,
SCH_006,CLS_0114,P003218,,,,,,,,,,,,,,,,,,,,,
SCH_006,CLS_0114,P001280,,,,,,,,,,,,,,,,,,,,,
SCH_006,CLS_0114,P001318,,,,,,,,,,,,,,,,,,,,,
SCH_006,CLS_0114,P006188,,,,,,,,,,,,,,,,,,,,,
SCH_006,CLS_0114,P005293,,,,,,,,,,,,,,,,,,,,,
SCH_006,CLS_0114,P004497,,,,,,,,,,,,,,,,,,,,,
SCH_006,CLS_0027,P005371,,,,,,,,,,,,,,,,,,,,,
SCH_006,CLS_0027,P000104,,,,,,,,,,,,,,,,,,,,,
SCH_006,CLS_0027,P005047,,,,,,,,,,,,,,,,,,,,,
SCH_006,CLS_0027,P004912,,,,,,,,,,,,,,,,,,,,,
SCH_006,CLS_0027,P003679,,,,,,,,,,,,,,,,,,,,,
SCH_006,CLS_0027,P005513,,,,,,,,,,,,,,,,,,,,,
SCH_006,CLS_0027,P006296,,,,,,,,,,,,,,,,,,,,,
SCH_006,CLS_0027,P003773,,,,,,,,,,,,,,,,,,,,,
SCH_006,CLS_0027,P005978,,,,,,,,,,,,,,,,,,,,,
SCH_006,CLS_0027,P006823,,,,,,,,,,,,,,,,,,,,,
SCH_006,CLS_0027,P000720,,,,,,,,,,,,,,,,,,,,,
SCH_006,CLS_0020,P002758,,,,,,,,,,,,,,,,,,,,,
SCH_006,CLS_0020,P005595,,,,,,,,,,,,,,,,,,,,,
SCH_006,CLS_0020,P005263,,,,,,,,,,,,,,,,,,,,,
SCH_006,CLS_0020,P004091,,,,,,,,,,,,,,,,,,,,,
SCH_010,CLS_0236,P002088,,,,,,,,,,,,,,,,,,,,,
SCH_010,CLS_0236,P002684,,,,,,,,,,,,,,,,,,,,,
SCH_010,CLS_0236,P006439,,,,,,,,,,,,,,,,,,,,,
SCH_010,CLS_0236,P004854,,,,,,,,,,,,,,,,,,,,,
SCH_010,CLS_0236,P001514,,,,,,,,,,,,,,,,,,,,,
SCH_010,CLS_0236,P000073,,,,,,,,,,,,,,,,,,,,,
SCH_010,CLS_0236,P006765,,,,,,,,,,,,,,,,,,,,,
SCH_010,CLS_0236,P005952,,,,,,,,,,,,,,,,,,,,,
SCH_010,CLS_0193,P002480,,,,,,,,,,,,,,,,,,,,,
SCH_010,CLS_0193,P003216,,,,,,,,,,,,,,,,,,,,,
SCH_010,CLS_0193,P000402,,,,,,,,,,,,,,,,,,,,,
SCH_010,CLS_0193,P000590,,,,,,,,,,,,,,,,,,,,,
SCH_010,CLS_0193,P007259,,,,,,,,,,,,,,,,,,,,,
SCH_010,CLS_0193,P005552,,,,,,,,,,,,,,,,,,,,,
SCH_010,CLS_0193,P000302,,,,,,,,,,,,,,,,,,,,,
SCH_010,CLS_0190,P005903,,,,,,,,,,,,,,,,,,,,,
SCH_010,CLS_0190,P002463,,,,,,,,,,,,,,,,,,,,,
SCH_010,CLS_0190,P000487,,,,,,,,,,,,,,,,,,,,,
SCH_010,CLS_0190,P000602,,,,,,,,,,,,,,,,,,,,,
SCH_010,CLS_0190,P006849,,,,,,,,,,,,,,,,,,,,,
SCH_010,CLS_0190,P000644,,,,,,,,,,,,,,,,,,,,,
SCH_010,CLS_0190,P004010,,,,,,,,,,,,,,,,,,,,,
SCH_010,CLS_0190,P000631,,,,,,,,,,,,,,,,,,,,,
SCH_010,CLS_0190,P007059,,,,,,,,,,,,,,,,,,,,,
SCH_010,CLS_0190,P007632,,,,,,,,,,,,,,,,,,,,,
SCH_010,CLS_0190,P005842,,,,,,,,,,,,,,,,,,,,,
SCH_010,CLS_0190,P000404,,,,,,,,,,,,,,,,,,,,,
SCH_010,CLS_0190,P007271,,,,,,,,,,,,,,,,,,,,,
SCH_010,CLS_0190,P002619,,,,,,,,,,,,,,,,,,,,,
SCH_010,CLS_0190,P004985,,,,,,,,,,,,,,,,,,,,,
SCH_010,CLS_0190,P001953,,,,,,,,,,,,,,,,,,,,,
SCH_010,CLS_0190,P001424,,,,,,,,,,,,,,,,,,,,,
SCH_010,CLS_0045,P006941,,,,,,,,,,,,,,,,,,,,,
SCH_010,CLS_0045,P004501,,,,,,,,,,,,,,,,,,,,,
SCH_010,CLS_0045,P007334,,,,,,,,,,,,,,,,,,,,,
SCH_010,CLS_0045,P000359,,,,,,,,,,,,,,,,,,,,,
SCH_010,CLS_0045,P003602,,,,,,,,,,,,,,,,,,,,,
SCH_010,CLS_0045,P003729,,,,,,,,,,,,,,,,,,,,,
SCH_010,CLS_0045,P000070,,,,,,,,,,,,,,,,,,,,,
SCH_010,CLS_0045,P000580,,,,,,,,,,,,,,,,,,,,,
SCH_010,CLS_0045,P003812,,,,,,,,,,,,,,,,,,,,,
SCH_010,CLS_0045,P005911,,,,,,,,,,,,,,,,,,,,,
SCH_010,CLS_0045,P002188,,,,,,,,,,,,,,,,,,,,,
SCH_010,CLS_0045,P007678,,,,,,,,,,,,,,,,,,,,,
SCH_010,CLS_0045,P001491,,,,,,,,,,,,,,,,,,,,,
SCH_010,CLS_0045,P006236,,,,,,,,,,,,,,,,,,,,,
SCH_010,CLS_0172,P001029,,,,,,,,,,,,,,,,,,,,,
SCH_010,CLS_0172,P005056,,,,,,,,,,,,,,,,,,,,,
SCH_010,CLS_0172,P007333,,,,,,,,,,,,,,,,,,,,,
SCH_010,CLS_0172,P002603,,,,,,,,,,,,,,,,,,,,,
SCH_010,CLS_0172,P004040,,,,,,,,,,,,,,,,,,,,,
SCH_010,CLS_0172,P002146,,,,,,,,,,,,,,,,,,,,,
SCH_010,CLS_0172,P002990,,,,,,,,,,,,,,,,,,,,,
SCH_010,CLS_0172,P007062,,,,,,,,,,,,,,,,,,,,,
SCH_010,CLS_0172,P005242,,,,,,,,,,,,,,,,,,,,,
SCH_010,CLS_0215,P006798,,,,,,,,,,,,,,,,,,,,,
SCH_010,CLS_0215,P005763,,,,,,,,,,,,,,,,,,,,,
SCH_010,CLS_0215,P000778,,,,,,,,,,,,,,,,,,,,,
SCH_010,CLS_0215,P006517,,,,,,,,,,,,,,,,,,,,,
SCH_010,CLS_0215,P004054,,,,,,,,,,,,,,,,,,,,,
SCH_010,CLS_0215,P006497,,,,,,,,,,,,,,,,,,,,,
SCH_010,CLS_0215,P005025,,,,,,,,,,,,,,,,,,,,,
SCH_010,CLS_0215,P004421,,,,,,,,,,,,,,,,,,,,,
SCH_010,CLS_0215,P001404,,,,,,,,,,,,,,,,,,,,,
SCH_010,CLS_0215,P005164,,,,,,,,,,,,,,,,,,,,,
SCH_010,CLS_0150,P000515,,,,,,,,,,,,,,,,,,,,,
SCH_010,CLS_0150,P000973,,,,,,,,,,,,,,,,,,,,,
SCH_010,CLS_0150,P003606,,,,,,,,,,,,,,,,,,,,,
SCH_010,CLS_0150,P001537,,,,,,,,,,,,,,,,,,,,,
SCH_010,CLS_0150,P003451,,,,,,,,,,,,,,,,,,,,,
SCH_010,CLS_0150,P002962,,,,,,,,,,,,,,,,,,,,,
SCH_010,CLS_0150,P005324,,,,,,,,,,,,,,,,,,,,,
SCH_010,CLS_0150,P006828,,,,,,,,,,,,,,,,,,,,,
SCH_010,CLS_0150,P001481,,,,,,,,,,,,,,,,,,,,,
SCH_010,CLS_0150,P001650,,,,,,,,,,,,,,,,,,,,,
SCH_010,CLS_0150,P000817,,,,,,,,,,,,,,,,,,,,,
SCH_010,CLS_0150,P005209,,,,,,,,,,,,,,,,,,,,,
SCH_010,CLS_0150,P003708,,,,,,,,,,,,,,,,,,,,,
SCH_010,CLS_0163,P003404,,,,,,,,,,,,,,,,,,,,,
SCH_010,CLS_0163,P001066,,,,,,,,,,,,,,,,,,,,,
SCH_010,CLS_0143,P007706,,,,,,,,,,,,,,,,,,,,,
SCH_010,CLS_0143,P002909,,,,,,,,,,,,,,,,,,,,,
SCH_010,CLS_0143,P006684,,,,,,,,,,,,,,,,,,,,,
SCH_010,CLS_0143,P003034,,,,,,,,,,,,,,,,,,,,,
SCH_010,CLS_0143,P002878,,,,,,,,,,,,,,,,,,,,,
SCH_010,CLS_0065,P002993,,,,,,,,,,,,,,,,,,,,,
SCH_010,CLS_0065,P002952,,,,,,,,,,,,,,,,,,,,,
SCH_010,CLS_0065,P002342,,,,,,,,,,,,,,,,,,,,,
SCH_010,CLS_0202,P004292,,,,,,,,,,,,,,,,,,,,,
SCH_010,CLS_0089,P000635,,,,,,,,,,,,,,,,,,,,,
SCH_010,CLS_0104,P006271,,,,,,,,,,,,,,,,,,,,,
SCH_010,CLS_0104,P003489,,,,,,,,,,,,,,,,,,,,,
SCH_010,CLS_0104,P001202,,,,,,,,,,,,,,,,,,,,,
SCH_010,CLS_0239,P005803,,,,,,,,,,,,,,,,,,,,,
SCH_010,CLS_0239,P000173,,,,,,,,,,,,,,,,,,,,,
SCH_010,CLS_0033,P000304,,,,,,,,,,,,,,,,,,,,,
SCH_010,CLS_0033,P001728,,,,,,,,,,,,,,,,,,,,,
SCH_010,CLS_0011,P007144,,,,,,,,,,,,,,,,,,,,,
SCH_010,CLS_0011,P004802,,,,,,,,,,,,,,,,,,,,,
SCH_010,CLS_0011,P004412,,,,,,,,,,,,,,,,,,,,,
SCH_010,CLS_0011,P001143,,,,,,,,,,,,,,,,,,,,,
SCH_010,CLS_0011,P005312,,,,,,,,,,,,,,,,,,,,,
SCH_010,CLS_0155,P003379,,,,,,,,,,,,,,,,,,,,,
SCH_010,CLS_0155,P006410,,,,,,,,,,,,,,,,,,,,,
SCH_010,CLS_0155,P000575,,,,,,,,,,,,,,,,,,,,,
SCH_010,CLS_0047,P004106,,,,,,,,,,,,,,,,,,,,,
SCH_010,CLS_0047,P005436,,,,,,,,,,,,,,,,,,,,,
SCH_010,CLS_0047,P006695,,,,,,,,,,,,,,,,,,,,,
SCH_010,CLS_0201,P006721,,,,,,,,,,,,,,,,,,,,,
SCH_010,CLS_0201,P004720,,,,,,,,,,,,,,,,,,,,,
SCH_010,CLS_0201,P005644,,,,,,,,,,,,,,,,,,,,,
SCH_010,CLS_0100,P003907,,,,,,,,,,,,,,,,,,,,,
SCH_010,CLS_0100,P002477,,,,,,,,,,,,,,,,,,,,,
SCH_010,CLS_0100,P005560,,,,,,,,,,,,,,,,,,,,,
SCH_010,CLS_0100,P006159,,,,,,,,,,,,,,,,,,,,,
SCH_010,CLS_0169,P001383,,,,,,,,,,,,,,,,,,,,,
SCH_010,CLS_0169,P005527,,,,,,,,,,,,,,,,,,,,,
SCH_010,CLS_0125,P001629,,,,,,,,,,,,,,,,,,,,,
SCH_010,CLS_0125,P006365,,,,,,,,,,,,,,,,,,,,,
SCH_010,CLS_0125,P007090,,,,,,,,,,,,,,,,,,,,,
SCH_010,CLS_0241,P006510,,,,,,,,,,,,,,,,,,,,,
SCH_010,CLS_0159,P007558,,,,,,,,,,,,,,,,,,,,,
SCH_010,CLS_0159,P000749,,,,,,,,,,,,,,,,,,,,,
SCH_010,CLS_0046,P004003,,,,,,,,,,,,,,,,,,,,,
SCH_010,CLS_0046,P007732,,,,,,,,,,,,,,,,,,,,,
SCH_010,CLS_0046,P000442,,,,,,,,,,,,,,,,,,,,,
SCH_010,CLS_0013,P000725,,,,,,,,,,,,,,,,,,,,,
SCH_010,CLS_0013,P003460,,,,,,,,,,,,,,,,,,,,,
SCH_010,CLS_0013,P001756,,,,,,,,,,,,,,,,,,,,,
SCH_010,CLS_0141,P003244,,,,,,,,,,,,,,,,,,,,,
SCH_010,CLS_0141,P001526,,,,,,,,,,,,,,,,,,,,,
SCH_010,CLS_0141,P004136,,,,,,,,,,,,,,,,,,,,,
SCH_010,CLS_0141,P000314,,,,,,,,,,,,,,,,,,,,,
SCH_010,CLS_0136,P004188,,,,,,,,,,,,,,,,,,,,,
SCH_010,CLS_0136,P000226,,,,,,,,,,,,,,,,,,,,,
SCH_010,CLS_0160,P002847,,,,,,,,,,,,,,,,,,,,,
SCH_010,CLS_0160,P003570,,,,,,,,,,,,,,,,,,,,,
SCH_010,CLS_0203,P005064,,,,,,,,,,,,,,,,,,,,,
SCH_010,CLS_0115,P003022,,,,,,,,,,,,,,,,,,,,,
SCH_010,CLS_0115,P005853,,,,,,,,,,,,,,,,,,,,,
SCH_010,CLS_0115,P001100,,,,,,,,,,,,,,,,,,,,,
SCH_010,CLS_0115,P003067,,,,,,,,,,,,,,,,,,,,,
SCH_010,CLS_0115,P002474,,,,,,,,,,,,,,,,,,,,,
SCH_010,CLS_0115,P002124,,,,,,,,,,,,,,,,,,,,,
SCH_010,CLS_0115,P007580,,,,,,,,,,,,,,,,,,,,,
SCH_010,CLS_0242,P005638,,,,,,,,,,,,,,,,,,,,,
SCH_010,CLS_0242,P002280,,,,,,,,,,,,,,,,,,,,,
SCH_010,CLS_0242,P001596,,,,,,,,,,,,,,,,,,,,,
SCH_010,CLS_0242,P004152,,,,,,,,,,,,,,,,,,,,,
SCH_010,CLS_0242,P001243,,,,,,,,,,,,,,,,,,,,,
SCH_010,CLS_0242,P002427,,,,,,,,,,,,,,,,,,,,,
SCH_010,CLS_0242,P006666,,,,,,,,,,,,,,,,,,,,,
SCH_010,CLS_0242,P004290,,,,,,,,,,,,,,,,,,,,,
SCH_010,CLS_0242,P005458,,,,,,,,,,,,,,,,,,,,,
SCH_010,CLS_0242,P002329,,,,,,,,,,,,,,,,,,,,,
SCH_010,CLS_0242,P004590,,,,,,,,,,,,,,,,,,,,,
SCH_010,CLS_0242,P007500,,,,,,,,,,,,,,,,,,,,,
SCH_010,CLS_0242,P003903,,,,,,,,,,,,,,,,,,,,,
SCH_010,CLS_0242,P001212,,,,,,,,,,,,,,,,,,,,,
SCH_010,CLS_0079,P003609,,,,,,,,,,,,,,,,,,,,,
SCH_010,CLS_0079,P004326,,,,,,,,,,,,,,,,,,,,,
SCH_010,CLS_0079,P002029,,,,,,,,,,,,,,,,,,,,,
SCH_010,CLS_0079,P006042,,,,,,,,,,,,,,,,,,,,,
SCH_010,CLS_0079,P000890,,,,,,,,,,,,,,,,,,,,,
SCH_010,CLS_0079,P006061,,,,,,,,,,,,,,,,,,,,,
SCH_010,CLS_0079,P002332,,,,,,,,,,,,,,,,,,,,,
SCH_010,CLS_0079,P004447,,,,,,,,,,,,,,,,,,,,,
SCH_010,CLS_0079,P007393,,,,,,,,,,,,,,,,,,,,,
SCH_010,CLS_0079,P005899,,,,,,,,,,,,,,,,,,,,,
SCH_010,CLS_0178,P004416,,,,,,,,,,,,,,,,,,,,,
SCH_010,CLS_0178,P007519,,,,,,,,,,,,,,,,,,,,,
SCH_010,CLS_0178,P000021,,,,,,,,,,,,,,,,,,,,,
SCH_010,CLS_0178,P000816,,,,,,,,,,,,,,,,,,,,,
SCH_010,CLS_0178,P006922,,,,,,,,,,,,,,,,,,,,,
SCH_010,CLS_0178,P002423,,,,,,,,,,,,,,,,,,,,,
SCH_010,CLS_0178,P005066,,,,,,,,,,,,,,,,,,,,,
SCH_010,CLS_0022,P001831,,,,,,,,,,,,,,,,,,,,,
SCH_010,CLS_0022,P001854,,,,,,,,,,,,,,,,,,,,,
SCH_010,CLS_0022,P000907,,,,,,,,,,,,,,,,,,,,,
SCH_010,CLS_0022,P007587,,,,,,,,,,,,,,,,,,,,,
SCH_010,CLS_0022,P006100,,,,,,,,,,,,,,,,,,,,,
SCH_010,CLS_0022,P003171,,,,,,,,,,,,,,,,,,,,,
SCH_010,CLS_0022,P005838,,,,,,,,,,,,,,,,,,,,,
SCH_010,CLS_0022,P007100,,,,,,,,,,,,,,,,,,,,,
SCH_010,CLS_0022,P004205,,,,,,,,,,,,,,,,,,,,,
SCH_010,CLS_0022,P004452,,,,,,,,,,,,,,,,,,,,,
SCH_010,CLS_0022,P004206,,,,,,,,,,,,,,,,,,,,,
SCH_010,CLS_0165,P001573,,,,,,,,,,,,,,,,,,,,,
SCH_010,CLS_0165,P001869,,,,,,,,,,,,,,,,,,,,,
SCH_010,CLS_0165,P003504,,,,,,,,,,,,,,,,,,,,,
SCH_010,CLS_0165,P000979,,,,,,,,,,,,,,,,,,,,,
SCH_010,CLS_0165,P005586,,,,,,,,,,,,,,,,,,,,,
SCH_010,CLS_0165,P001087,,,,,,,,,,,,,,,,,,,,,
SCH_010,CLS_0165,P002206,,,,,,,,,,,,,,,,,,,,,
SCH_010,CLS_0165,P000789,,,,,,,,,,,,,,,,,,,,,
SCH_010,CLS_0165,P000105,,,,,,,,,,,,,,,,,,,,,
SCH_010,CLS_0165,P000079,,,,,,,,,,,,,,,,,,,,,
SCH_010,CLS_0209,P001843,,,,,,,,,,,,,,,,,,,,,
SCH_010,CLS_0209,P004577,,,,,,,,,,,,,,,,,,,,,
SCH_010,CLS_0209,P007693,,,,,,,,,,,,,,,,,,,,,
SCH_010,CLS_0209,P000722,,,,,,,,,,,,,,,,,,,,,
SCH_010,CLS_0209,P002860,,,,,,,,,,,,,,,,,,,,,
SCH_010,CLS_0209,P002129,,,,,,,,,,,,,,,,,,,,,
SCH_010,CLS_0209,P002733,,,,,,,,,,,,,,,,,,,,,
SCH_010,CLS_0209,P004786,,,,,,,,,,,,,,,,,,,,,
SCH_010,CLS_0209,P001549,,,,,,,,,,,,,,,,,,,,,
SCH_010,CLS_0209,P005184,,,,,,,,,,,,,,,,,,,,,
SCH_010,CLS_0209,P005093,,,,,,,,,,,,,,,,,,,,,
SCH_010,CLS_0135,P000601,,,,,,,,,,,,,,,,,,,,,
SCH_010,CLS_0135,P005739,,,,,,,,,,,,,,,,,,,,,
SCH_010,CLS_0135,P000102,,,,,,,,,,,,,,,,,,,,,
SCH_010,CLS_0135,P001579,,,,,,,,,,,,,,,,,,,,,
SCH_010,CLS_0135,P004888,,,,,,,,,,,,,,,,,,,,,
SCH_010,CLS_0135,P006715,,,,,,,,,,,,,,,,,,,,,
SCH_010,CLS_0135,P001566,,,,,,,,,,,,,,,,,,,,,
SCH_010,CLS_0135,P001525,,,,,,,,,,,,,,,,,,,,,
SCH_010,CLS_0135,P004047,,,,,,,,,,,,,,,,,,,,,
SCH_010,CLS_0135,P001172,,,,,,,,,,,,,,,,,,,,,
SCH_010,CLS_0135,P002119,,,,,,,,,,,,,,,,,,,,,
SCH_008,CLS_0176,P001896,,,,,,,,,,,,,,,,,,,,,
SCH_008,CLS_0176,P006829,,,,,,,,,,,,,,,,,,,,,
SCH_008,CLS_0176,P001403,,,,,,,,,,,,,,,,,,,,,
SCH_008,CLS_0176,P003616,,,,,,,,,,,,,,,,,,,,,
SCH_008,CLS_0206,P000096,,,,,,,,,,,,,,,,,,,,,
SCH_008,CLS_0206,P002076,,,,,,,,,,,,,,,,,,,,,
SCH_008,CLS_0206,P000906,,,,,,,,,,,,,,,,,,,,,
SCH_008,CLS_0206,P002437,,,,,,,,,,,,,,,,,,,,,
SCH_008,CLS_0206,P002535,,,,,,,,,,,,,,,,,,,,,
SCH_008,CLS_0206,P001231,,,,,,,,,,,,,,,,,,,,,
SCH_008,CLS_0206,P003230,,,,,,,,,,,,,,,,,,,,,
SCH_008,CLS_0206,P006805,,,,,,,,,,,,,,,,,,,,,
SCH_008,CLS_0005,P007224,,,,,,,,,,,,,,,,,,,,,
SCH_008,CLS_0005,P007239,,,,,,,,,,,,,,,,,,,,,
SCH_008,CLS_0005,P000251,,,,,,,,,,,,,,,,,,,,,
SCH_008,CLS_0005,P006004,,,,,,,,,,,,,,,,,,,,,
SCH_008,CLS_0005,P004684,,,,,,,,,,,,,,,,,,,,,
SCH_008,CLS_0005,P000464,,,,,,,,,,,,,,,,,,,,,
SCH_008,CLS_0005,P007006,,,,,,,,,,,,,,,,,,,,,
SCH_008,CLS_0005,P007416,,,,,,,,,,,,,,,,,,,,,
SCH_008,CLS_0005,P003375,,,,,,,,,,,,,,,,,,,,,
SCH_008,CLS_0005,P004771,,,,,,,,,,,,,,,,,,,,,
SCH_008,CLS_0217,P004058,,,,,,,,,,,,,,,,,,,,,
SCH_008,CLS_0217,P006181,,,,,,,,,,,,,,,,,,,,,
SCH_008,CLS_0217,P001786,,,,,,,,,,,,,,,,,,,,,
SCH_008,CLS_0217,P006001,,,,,,,,,,,,,,,,,,,,,
SCH_008,CLS_0217,P007238,,,,,,,,,,,,,,,,,,,,,
SCH_008,CLS_0217,P005612,,,,,,,,,,,,,,,,,,,,,
SCH_008,CLS_0180,P001052,,,,,,,,,,,,,,,,,,,,,
SCH_008,CLS_0180,P000310,,,,,,,,,,,,,,,,,,,,,
SCH_008,CLS_0180,P001615,,,,,,,,,,,,,,,,,,,,,
SCH_008,CLS_0180,P001659,,,,,,,,,,,,,,,,,,,,,
SCH_008,CLS_0180,P003293,,,,,,,,,,,,,,,,,,,,,
SCH_008,CLS_0180,P001265,,,,,,,,,,,,,,,,,,,,,
SCH_008,CLS_0180,P007308,,,,,,,,,,,,,,,,,,,,,
SCH_008,CLS_0180,P005999,,,,,,,,,,,,,,,,,,,,,
SCH_008,CLS_0180,P000660,,,,,,,,,,,,,,,,,,,,,
SCH_008,CLS_0008,P005587,,,,,,,,,,,,,,,,,,,,,
SCH_008,CLS_0008,P003274,,,,,,,,,,,,,,,,,,,,,
SCH_008,CLS_0008,P004644,,,,,,,,,,,,,,,,,,,,,
SCH_008,CLS_0008,P007277,,,,,,,,,,,,,,,,,,,,,
SCH_008,CLS_0008,P005390,,,,,,,,,,,,,,,,,,,,,
SCH_008,CLS_0226,P006875,,,,,,,,,,,,,,,,,,,,,
SCH_008,CLS_0226,P001180,,,,,,,,,,,,,,,,,,,,,
SCH_008,CLS_0226,P005972,,,,,,,,,,,,,,,,,,,,,
SCH_008,CLS_0226,P007357,,,,,,,,,,,,,,,,,,,,,
SCH_008,CLS_0226,P003643,,,,,,,,,,,,,,,,,,,,,
SCH_008,CLS_0226,P005383,,,,,,,,,,,,,,,,,,,,,
SCH_008,CLS_0226,P002631,,,,,,,,,,,,,,,,,,,,,
SCH_008,CLS_0042,P000099,,,,,,,,,,,,,,,,,,,,,
SCH_008,CLS_0042,P004740,,,,,,,,,,,,,,,,,,,,,
SCH_008,CLS_0042,P006053,,,,,,,,,,,,,,,,,,,,,
SCH_008,CLS_0042,P004196,,,,,,,,,,,,,,,,,,,,,
SCH_008,CLS_0042,P006275,,,,,,,,,,,,,,,,,,,,,
SCH_008,CLS_0042,P004442,,,,,,,,,,,,,,,,,,,,,
SCH_008,CLS_0097,P003533,,,,,,,,,,,,,,,,,,,,,
SCH_008,CLS_0097,P004076,,,,,,,,,,,,,,,,,,,,,
SCH_008,CLS_0093,P005174,,,,,,,,,,,,,,,,,,,,,
SCH_008,CLS_0093,P006252,,,,,,,,,,,,,,,,,,,,,
SCH_008,CLS_0059,P004241,,,,,,,,,,,,,,,,,,,,,
SCH_008,CLS_0059,P007318,,,,,,,,,,,,,,,,,,,,,
SCH_008,CLS_0059,P006594,,,,,,,,,,,,,,,,,,,,,
SCH_008,CLS_0059,P001344,,,,,,,,,,,,,,,,,,,,,
SCH_008,CLS_0028,P001644,,,,,,,,,,,,,,,,,,,,,
SCH_008,CLS_0028,P007293,,,,,,,,,,,,,,,,,,,,,
SCH_008,CLS_0030,P003043,,,,,,,,,,,,,,,,,,,,,
SCH_008,CLS_0030,P001864,,,,,,,,,,,,,,,,,,,,,
SCH_008,CLS_0030,P003279,,,,,,,,,,,,,,,,,,,,,
SCH_008,CLS_0021,P000771,,,,,,,,,,,,,,,,,,,,,
SCH_008,CLS_0021,P000259,,,,,,,,,,,,,,,,,,,,,
SCH_008,CLS_0021,P006005,,,,,,,,,,,,,,,,,,,,,
SCH_008,CLS_0021,P006547,,,,,,,,,,,,,,,,,,,,,
SCH_008,CLS_0021,P001104,,,,,,,,,,,,,,,,,,,,,
SCH_008,CLS_0021,P000895,,,,,,,,,,,,,,,,,,,,,
SCH_008,CLS_0021,P005489,,,,,,,,,,,,,,,,,,,,,
SCH_008,CLS_0161,P003053,,,,,,,,,,,,,,,,,,,,,
SCH_008,CLS_0223,P001891,,,,,,,,,,,,,,,,,,,,,
SCH_008,CLS_0223,P003459,,,,,,,,,,,,,,,,,,,,,
SCH_008,CLS_0223,P006207,,,,,,,,,,,,,,,,,,,,,
SCH_008,CLS_0109,P006048,,,,,,,,,,,,,,,,,,,,,
SCH_008,CLS_0109,P006810,,,,,,,,,,,,,,,,,,,,,
SCH_008,CLS_0109,P000441,,,,,,,,,,,,,,,,,,,,,
SCH_008,CLS_0109,P002821,,,,,,,,,,,,,,,,,,,,,
SCH_008,CLS_0204,P006915,,,,,,,,,,,,,,,,,,,,,
SCH_008,CLS_0204,P003222,,,,,,,,,,,,,,,,,,,,,
SCH_008,CLS_0052,P002054,,,,,,,,,,,,,,,,,,,,,
SCH_008,CLS_0052,P002563,,,,,,,,,,,,,,,,,,,,,
SCH_008,CLS_0247,P005130,,,,,,,,,,,,,,,,,,,,,
SCH_008,CLS_0247,P002736,,,,,,,,,,,,,,,,,,,,,
SCH_008,CLS_0247,P004642,,,,,,,,,,,,,,,,,,,,,
SCH_008,CLS_0247,P007436,,,,,,,,,,,,,,,,,,,,,
SCH_008,CLS_0247,P003119,,,,,,,,,,,,,,,,,,,,,
SCH_008,CLS_0182,P003926,,,,,,,,,,,,,,,,,,,,,
SCH_008,CLS_0182,P001406,,,,,,,,,,,,,,,,,,,,,
SCH_008,CLS_0182,P001037,,,,,,,,,,,,,,,,,,,,,
SCH_008,CLS_0182,P005885,,,,,,,,,,,,,,,,,,,,,
SCH_008,CLS_0246,P004363,,,,,,,,,,,,,,,,,,,,,
SCH_008,CLS_0246,P005680,,,,,,,,,,,,,,,,,,,,,
SCH_008,CLS_0088,P001840,,,,,,,,,,,,,,,,,,,,,
SCH_008,CLS_0088,P004068,,,,,,,,,,,,,,,,,,,,,
SCH_008,CLS_0171,P001943,,,,,,,,,,,,,,,,,,,,,
SCH_008,CLS_0171,P002943,,,,,,,,,,,,,,,,,,,,,
SCH_008,CLS_0171,P006119,,,,,,,,,,,,,,,,,,,,,
SCH_008,CLS_0171,P006347,,,,,,,,,,,,,,,,,,,,,
SCH_008,CLS_0171,P004397,,,,,,,,,,,,,,,,,,,,,
SCH_008,CLS_0171,P002424,,,,,,,,,,,,,,,,,,,,,
SCH_008,CLS_0171,P001872,,,,,,,,,,,,,,,,,,,,,
SCH_008,CLS_0090,P000838,,,,,,,,,,,,,,,,,,,,,
SCH_008,CLS_0090,P003895,,,,,,,,,,,,,,,,,,,,,
SCH_008,CLS_0090,P005050,,,,,,,,,,,,,,,,,,,,,
SCH_008,CLS_0090,P001795,,,,,,,,,,,,,,,,,,,,,
SCH_008,CLS_0095,P002928,,,,,,,,,,,,,,,,,,,,,
SCH_005,CLS_0211,P007772,,,,,,,,,,,,,,,,,,,,,
SCH_005,CLS_0211,P004116,,,,,,,,,,,,,,,,,,,,,
SCH_005,CLS_0211,P003193,,,,,,,,,,,,,,,,,,,,,
SCH_005,CLS_0211,P003338,,,,,,,,,,,,,,,,,,,,,
SCH_005,CLS_0211,P007089,,,,,,,,,,,,,,,,,,,,,
SCH_005,CLS_0211,P007619,,,,,,,,,,,,,,,,,,,,,
SCH_005,CLS_0211,P001126,,,,,,,,,,,,,,,,,,,,,
SCH_005,CLS_0211,P003915,,,,,,,,,,,,,,,,,,,,,
SCH_005,CLS_0156,P003585,,,,,,,,,,,,,,,,,,,,,
SCH_005,CLS_0156,P002817,,,,,,,,,,,,,,,,,,,,,
SCH_005,CLS_0156,P007413,,,,,,,,,,,,,,,,,,,,,
SCH_005,CLS_0156,P003468,,,,,,,,,,,,,,,,,,,,,
SCH_005,CLS_0156,P005624,,,,,,,,,,,,,,,,,,,,,
SCH_005,CLS_0156,P005912,,,,,,,,,,,,,,,,,,,,,
SCH_005,CLS_0156,P001783,,,,,,,,,,,,,,,,,,,,,
SCH_005,CLS_0156,P006761,,,,,,,,,,,,,,,,,,,,,
SCH_005,CLS_0156,P001311,,,,,,,,,,,,,,,,,,,,,
SCH_005,CLS_0156,P004618,,,,,,,,,,,,,,,,,,,,,
SCH_005,CLS_0156,P003590,,,,,,,,,,,,,,,,,,,,,
SCH_005,CLS_0177,P000144,,,,,,,,,,,,,,,,,,,,,
SCH_005,CLS_0177,P004649,,,,,,,,,,,,,,,,,,,,,
SCH_005,CLS_0177,P006031,,,,,,,,,,,,,,,,,,,,,
SCH_005,CLS_0177,P003516,,,,,,,,,,,,,,,,,,,,,
SCH_005,CLS_0177,P000703,,,,,,,,,,,,,,,,,,,,,
SCH_005,CLS_0177,P002893,,,,,,,,,,,,,,,,,,,,,
SCH_005,CLS_0177,P007079,,,,,,,,,,,,,,,,,,,,,
SCH_005,CLS_0177,P000492,,,,,,,,,,,,,,,,,,,,,
SCH_005,CLS_0177,P000041,,,,,,,,,,,,,,,,,,,,,
SCH_005,CLS_0177,P003980,,,,,,,,,,,,,,,,,,,,,
SCH_005,CLS_0177,P005409,,,,,,,,,,,,,,,,,,,,,
SCH_005,CLS_0067,P005601,,,,,,,,,,,,,,,,,,,,,
SCH_005,CLS_0067,P006419,,,,,,,,,,,,,,,,,,,,,
SCH_005,CLS_0067,P005824,,,,,,,,,,,,,,,,,,,,,
SCH_005,CLS_0067,P006136,,,,,,,,,,,,,,,,,,,,,
SCH_005,CLS_0067,P006963,,,,,,,,,,,,,,,,,,,,,
SCH_005,CLS_0067,P002790,,,,,,,,,,,,,,,,,,,,,
SCH_005,CLS_0067,P006837,,,,,,,,,,,,,,,,,,,,,
SCH_005,CLS_0188,P003850,,,,,,,,,,,,,,,,,,,,,
SCH_005,CLS_0188,P006135,,,,,,,,,,,,,,,,,,,,,
SCH_005,CLS_0188,P006552,,,,,,,,,,,,,,,,,,,,,
SCH_005,CLS_0188,P002015,,,,,,,,,,,,,,,,,,,,,
SCH_005,CLS_0188,P000714,,,,,,,,,,,,,,,,,,,,,
SCH_005,CLS_0188,P000284,,,,,,,,,,,,,,,,,,,,,
SCH_005,CLS_0188,P005908,,,,,,,,,,,,,,,,,,,,,
SCH_005,CLS_0188,P001945,,,,,,,,,,,,,,,,,,,,,
SCH_005,CLS_0188,P005917,,,,,,,,,,,,,,,,,,,,,
SCH_005,CLS_0188,P004848,,,,,,,,,,,,,,,,,,,,,
SCH_005,CLS_0188,P007069,,,,,,,,,,,,,,,,,,,,,
SCH_005,CLS_0069,P006398,,,,,,,,,,,,,,,,,,,,,
SCH_005,CLS_0069,P004993,,,,,,,,,,,,,,,,,,,,,
SCH_005,CLS_0069,P005812,,,,,,,,,,,,,,,,,,,,,
SCH_005,CLS_0069,P004122,,,,,,,,,,,,,,,,,,,,,
SCH_005,CLS_0069,P001176,,,,,,,,,,,,,,,,,,,,,
SCH_005,CLS_0069,P004775,,,,,,,,,,,,,,,,,,,,,
SCH_005,CLS_0069,P003509,,,,,,,,,,,,,,,,,,,,,
SCH_005,CLS_0069,P003505,,,,,,,,,,,,,,,,,,,,,
SCH_005,CLS_0231,P001684,,,,,,,,,,,,,,,,,,,,,
SCH_005,CLS_0231,P000960,,,,,,,,,,,,,,,,,,,,,
SCH_005,CLS_0231,P006262,,,,,,,,,,,,,,,,,,,,,
SCH_005,CLS_0231,P007243,,,,,,,,,,,,,,,,,,,,,
SCH_005,CLS_0231,P007226,,,,,,,,,,,,,,,,,,,,,
SCH_005,CLS_0231,P005006,,,,,,,,,,,,,,,,,,,,,
SCH_005,CLS_0231,P000939,,,,,,,,,,,,,,,,,,,,,
SCH_005,CLS_0231,P006985,,,,,,,,,,,,,,,,,,,,,
SCH_005,CLS_0084,P005028,,,,,,,,,,,,,,,,,,,,,
SCH_005,CLS_0084,P003478,,,,,,,,,,,,,,,,,,,,,
SCH_005,CLS_0084,P005753,,,,,,,,,,,,,,,,,,,,,
SCH_005,CLS_0084,P001437,,,,,,,,,,,,,,,,,,,,,
SCH_005,CLS_0084,P007362,,,,,,,,,,,,,,,,,,,,,
SCH_005,CLS_0084,P004307,,,,,,,,,,,,,,,,,,,,,
SCH_005,CLS_0084,P002559,,,,,,,,,,,,,,,,,,,,,
SCH_005,CLS_0084,P001095,,,,,,,,,,,,,,,,,,,,,
SCH_005,CLS_0084,P000236,,,,,,,,,,,,,,,,,,,,,
SCH_005,CLS_0148,P000342,,,,,,,,,,,,,,,,,,,,,
SCH_005,CLS_0148,P006143,,,,,,,,,,,,,,,,,,,,,
SCH_005,CLS_0148,P000706,,,,,,,,,,,,,,,,,,,,,
SCH_005,CLS_0148,P007326,,,,,,,,,,,,,,,,,,,,,
SCH_005,CLS_0148,P003539,,,,,,,,,,,,,,,,,,,,,
SCH_005,CLS_0148,P001078,,,,,,,,,,,,,,,,,,,,,
SCH_005,CLS_0148,P001286,,,,,,,,,,,,,,,,,,,,,
SCH_005,CLS_0148,P000066,,,,,,,,,,,,,,,,,,,,,
SCH_005,CLS_0148,P001275,,,,,,,,,,,,,,,,,,,,,
SCH_005,CLS_0148,P006415,,,,,,,,,,,,,,,,,,,,,
SCH_005,CLS_0107,P002664,,,,,,,,,,,,,,,,,,,,,
SCH_005,CLS_0107,P003984,,,,,,,,,,,,,,,,,,,,,
SCH_005,CLS_0107,P001935,,,,,,,,,,,,,,,,,,,,,
SCH_005,CLS_0107,P002328,,,,,,,,,,,,,,,,,,,,,
SCH_005,CLS_0107,P000537,,,,,,,,,,,,,,,,,,,,,
SCH_005,CLS_0107,P004619,,,,,,,,,,,,,,,,,,,,,
SCH_005,CLS_0107,P007584,,,,,,,,,,,,,,,,,,,,,
SCH_005,CLS_0224,P003108,,,,,,,,,,,,,,,,,,,,,
SCH_005,CLS_0224,P007421,,,,,,,,,,,,,,,,,,,,,
SCH_005,CLS_0224,P003472,,,,,,,,,,,,,,,,,,,,,
SCH_005,CLS_0224,P004898,,,,,,,,,,,,,,,,,,,,,
SCH_005,CLS_0224,P005133,,,,,,,,,,,,,,,,,,,,,
SCH_005,CLS_0224,P002048,,,,,,,,,,,,,,,,,,,,,
SCH_005,CLS_0224,P005303,,,,,,,,,,,,,,,,,,,,,
SCH_005,CLS_0224,P006413,,,,,,,,,,,,,,,,,,,,,
SCH_005,CLS_0224,P000916,,,,,,,,,,,,,,,,,,,,,
SCH_005,CLS_0224,P004189,,,,,,,,,,,,,,,,,,,,,
SCH_005,CLS_0222,P005521,,,,,,,,,,,,,,,,,,,,,
SCH_005,CLS_0222,P004248,,,,,,,,,,,,,,,,,,,,,
SCH_005,CLS_0222,P002636,,,,,,,,,,,,,,,,,,,,,
SCH_005,CLS_0222,P004212,,,,,,,,,,,,,,,,,,,,,
SCH_005,CLS_0222,P006555,,,,,,,,,,,,,,,,,,,,,
SCH_005,CLS_0222,P000453,,,,,,,,,,,,,,,,,,,,,
SCH_005,CLS_0222,P006458,,,,,,,,,,,,,,,,,,,,,
SCH_005,CLS_0222,P002667,,,,,,,,,,,,,,,,,,,,,
SCH_005,CLS_0050,P001048,,,,,,,,,,,,,,,,,,,,,
SCH_005,CLS_0050,P003304,,,,,,,,,,,,,,,,,,,,,
SCH_005,CLS_0050,P002155,,,,,,,,,,,,,,,,,,,,,
SCH_005,CLS_0050,P001120,,,,,,,,,,,,,,,,,,,,,
SCH_005,CLS_0050,P006873,,,,,,,,,,,,,,,,,,,,,
SCH_005,CLS_0050,P002097,,,,,,,,,,,,,,,,,,,,,
SCH_005,CLS_0050,P005743,,,,,,,,,,,,,,,,,,,,,
SCH_005,CLS_0050,P006166,,,,,,,,,,,,,,,,,,,,,
SCH_005,CLS_0050,P005053,,,,,,,,,,,,,,,,,,,,,
SCH_005,CLS_0050,P000985,,,,,,,,,,,,,,,,,,,,,
SCH_005,CLS_0213,P000570,,,,,,,,,,,,,,,,,,,,,
SCH_005,CLS_0213,P002571,,,,,,,,,,,,,,,,,,,,,
SCH_005,CLS_0213,P000174,,,,,,,,,,,,,,,,,,,,,
SCH_005,CLS_0213,P007616,,,,,,,,,,,,,,,,,,,,,
SCH_005,CLS_0213,P001151,,,,,,,,,,,,,,,,,,,,,
SCH_005,CLS_0213,P002086,,,,,,,,,,,,,,,,,,,,,
SCH_005,CLS_0238,P001500,,,,,,,,,,,,,,,,,,,,,
SCH_005,CLS_0238,P001183,,,,,,,,,,,,,,,,,,,,,
SCH_005,CLS_0238,P005533,,,,,,,,,,,,,,,,,,,,,
SCH_005,CLS_0238,P007160,,,,,,,,,,,,,,,,,,,,,
SCH_005,CLS_0238,P001470,,,,,,,,,,,,,,,,,,,,,
SCH_005,CLS_0238,P004098,,,,,,,,,,,,,,,,,,,,,
SCH_005,CLS_0238,P005637,,,,,,,,,,,,,,,,,,,,,
SCH_005,CLS_0081,P004331,,,,,,,,,,,,,,,,,,,,,
SCH_005,CLS_0081,P005583,,,,,,,,,,,,,,,,,,,,,
SCH_005,CLS_0081,P006880,,,,,,,,,,,,,,,,,,,,,
SCH_005,CLS_0081,P006464,,,,,,,,,,,,,,,,,,,,,
SCH_005,CLS_0081,P002910,,,,,,,,,,,,,,,,,,,,,
SCH_005,CLS_0081,P007472,,,,,,,,,,,,,,,,,,,,,
SCH_005,CLS_0081,P006116,,,,,,,,,,,,,,,,,,,,,
SCH_005,CLS_0081,P001638,,,,,,,,,,,,,,,,,,,,,
SCH_005,CLS_0081,P001193,,,,,,,,,,,,,,,,,,,,,
SCH_005,CLS_0081,P003346,,,,,,,,,,,,,,,,,,,,,
SCH_005,CLS_0001,P007272,,,,,,,,,,,,,,,,,,,,,
SCH_005,CLS_0001,P001778,,,,,,,,,,,,,,,,,,,,,
SCH_005,CLS_0001,P002035,,,,,,,,,,,,,,,,,,,,,
SCH_005,CLS_0001,P007495,,,,,,,,,,,,,,,,,,,,,
SCH_005,CLS_0001,P001722,,,,,,,,,,,,,,,,,,,,,
SCH_005,CLS_0001,P006544,,,,,,,,,,,,,,,,,,,,,
SCH_005,CLS_0250,P003608,,,,,,,,,,,,,,,,,,,,,
SCH_005,CLS_0250,P004362,,,,,,,,,,,,,,,,,,,,,
SCH_005,CLS_0250,P000074,,,,,,,,,,,,,,,,,,,,,
SCH_005,CLS_0250,P000004,,,,,,,,,,,,,,,,,,,,,
SCH_005,CLS_0063,P000935,,,,,,,,,,,,,,,,,,,,,
SCH_005,CLS_0063,P004124,,,,,,,,,,,,,,,,,,,,,
SCH_005,CLS_0063,P003733,,,,,,,,,,,,,,,,,,,,,
SCH_005,CLS_0134,P007499,,,,,,,,,,,,,,,,,,,,,
SCH_005,CLS_0233,P001729,,,,,,,,,,,,,,,,,,,,,
SCH_005,CLS_0233,P004667,,,,,,,,,,,,,,,,,,,,,
SCH_005,CLS_0233,P005764,,,,,,,,,,,,,,,,,,,,,
SCH_005,CLS_0235,P005829,,,,,,,,,,,,,,,,,,,,,
SCH_005,CLS_0235,P002352,,,,,,,,,,,,,,,,,,,,,
SCH_005,CLS_0235,P007511,,,,,,,,,,,,,,,,,,,,,
SCH_005,CLS_0235,P000681,,,,,,,,,,,,,,,,,,,,,
SCH_005,CLS_0235,P001259,,,,,,,,,,,,,,,,,,,,,
SCH_005,CLS_0235,P004851,,,,,,,,,,,,,,,,,,,,,
SCH_005,CLS_0235,P004483,,,,,,,,,,,,,,,,,,,,,
SCH_005,CLS_0235,P001647,,,,,,,,,,,,,,,,,,,,,
SCH_005,CLS_0235,P005150,,,,,,,,,,,,,,,,,,,,,
SCH_005,CLS_0199,P000178,,,,,,,,,,,,,,,,,,,,,
SCH_005,CLS_0199,P001535,,,,,,,,,,,,,,,,,,,,,
SCH_005,CLS_0199,P007213,,,,,,,,,,,,,,,,,,,,,
SCH_005,CLS_0199,P002892,,,,,,,,,,,,,,,,,,,,,
SCH_005,CLS_0199,P007030,,,,,,,,,,,,,,,,,,,,,
SCH_005,CLS_0199,P005817,,,,,,,,,,,,,,,,,,,,,
SCH_005,CLS_0199,P004624,,,,,,,,,,,,,,,,,,,,,
SCH_005,CLS_0199,P004063,,,,,,,,,,,,,,,,,,,,,
SCH_005,CLS_0187,P002278,,,,,,,,,,,,,,,,,,,,,
SCH_005,CLS_0187,P005694,,,,,,,,,,,,,,,,,,,,,
SCH_005,CLS_0187,P005037,,,,,,,,,,,,,,,,,,,,,
SCH_005,CLS_0187,P004253,,,,,,,,,,,,,,,,,,,,,
SCH_005,CLS_0187,P005268,,,,,,,,,,,,,,,,,,,,,
SCH_005,CLS_0187,P000674,,,,,,,,,,,,,,,,,,,,,
SCH_005,CLS_0187,P006300,,,,,,,,,,,,,,,,,,,,,
SCH_005,CLS_0187,P000052,,,,,,,,,,,,,,,,,,,,,
SCH_005,CLS_0187,P007764,,,,,,,,,,,,,,,,,,,,,
SCH_005,CLS_0187,P007299,,,,,,,,,,,,,,,,,,,,,
SCH_005,CLS_0187,P005923,,,,,,,,,,,,,,,,,,,,,
SCH_005,CLS_0074,P006830,,,,,,,,,,,,,,,,,,,,,
SCH_005,CLS_0074,P001789,,,,,,,,,,,,,,,,,,,,,
SCH_005,CLS_0074,P004524,,,,,,,,,,,,,,,,,,,,,
SCH_005,CLS_0074,P002872,,,,,,,,,,,,,,,,,,,,,
SCH_005,CLS_0074,P006161,,,,,,,,,,,,,,,,,,,,,
SCH_005,CLS_0074,P003173,,,,,,,,,,,,,,,,,,,,,
SCH_005,CLS_0074,P006612,,,,,,,,,,,,,,,,,,,,,
SCH_005,CLS_0074,P003537,,,,,,,,,,,,,,,,,,,,,
SCH_005,CLS_0070,P004585,,,,,,,,,,,,,,,,,,,,,
SCH_005,CLS_0070,P003669,,,,,,,,,,,,,,,,,,,,,
SCH_005,CLS_0070,P004451,,,,,,,,,,,,,,,,,,,,,
SCH_005,CLS_0070,P002019,,,,,,,,,,,,,,,,,,,,,
SCH_005,CLS_0070,P006447,,,,,,,,,,,,,,,,,,,,,
SCH_005,CLS_0070,P003497,,,,,,,,,,,,,,,,,,,,,
SCH_005,CLS_0070,P004705,,,,,,,,,,,,,,,,,,,,,
SCH_005,CLS_0219,P000744,,,,,,,,,,,,,,,,,,,,,
SCH_005,CLS_0219,P001365,,,,,,,,,,,,,,,,,,,,,
SCH_005,CLS_0219,P005555,,,,,,,,,,,,,,,,,,,,,
SCH_005,CLS_0219,P004654,,,,,,,,,,,,,,,,,,,,,
SCH_005,CLS_0219,P003891,,,,,,,,,,,,,,,,,,,,,
SCH_005,CLS_0219,P004112,,,,,,,,,,,,,,,,,,,,,
SCH_005,CLS_0219,P000762,,,,,,,,,,,,,,,,,,,,,
SCH_005,CLS_0219,P000712,,,,,,,,,,,,,,,,,,,,,
SCH_005,CLS_0219,P001531,,,,,,,,,,,,,,,,,,,,,
SCH_005,CLS_0219,P005104,,,,,,,,,,,,,,,,,,,,,
SCH_005,CLS_0152,P007720,,,,,,,,,,,,,,,,,,,,,
SCH_005,CLS_0152,P001187,,,,,,,,,,,,,,,,,,,,,
SCH_005,CLS_0152,P007645,,,,,,,,,,,,,,,,,,,,,
SCH_005,CLS_0152,P005740,,,,,,,,,,,,,,,,,,,,,
SCH_005,CLS_0152,P006726,,,,,,,,,,,,,,,,,,,,,
SCH_005,CLS_0212,P003145,,,,,,,,,,,,,,,,,,,,,
SCH_005,CLS_0212,P007652,,,,,,,,,,,,,,,,,,,,,
SCH_005,CLS_0212,P007215,,,,,,,,,,,,,,,,,,,,,
SCH_005,CLS_0212,P006078,,,,,,,,,,,,,,,,,,,,,
SCH_005,CLS_0212,P001597,,,,,,,,,,,,,,,,,,,,,
SCH_005,CLS_0212,P005797,,,,,,,,,,,,,,,,,,,,,
SCH_005,CLS_0212,P003066,,,,,,,,,,,,,,,,,,,,,
SCH_005,CLS_0212,P007186,,,,,,,,,,,,,,,,,,,,,
SCH_005,CLS_0086,P004227,,,,,,,,,,,,,,,,,,,,,
SCH_005,CLS_0086,P001312,,,,,,,,,,,,,,,,,,,,,
SCH_005,CLS_0086,P004657,,,,,,,,,,,,,,,,,,,,,
SCH_005,CLS_0184,P002443,,,,,,,,,,,,,,,,,,,,,
SCH_005,CLS_0091,P000953,,,,,,,,,,,,,,,,,,,,,
SCH_007,CLS_0128,P005668,,,,,,,,,,,,,,,,,,,,,
SCH_007,CLS_0128,P005195,,,,,,,,,,,,,,,,,,,,,
SCH_007,CLS_0128,P005445,,,,,,,,,,,,,,,,,,,,,
SCH_007,CLS_0128,P001637,,,,,,,,,,,,,,,,,,,,,
SCH_007,CLS_0128,P003546,,,,,,,,,,,,,,,,,,,,,
SCH_007,CLS_0128,P007054,,,,,,,,,,,,,,,,,,,,,
SCH_007,CLS_0128,P003281,,,,,,,,,,,,,,,,,,,,,
SCH_007,CLS_0003,P000768,,,,,,,,,,,,,,,,,,,,,
SCH_007,CLS_0003,P000630,,,,,,,,,,,,,,,,,,,,,
SCH_007,CLS_0003,P002105,,,,,,,,,,,,,,,,,,,,,
SCH_007,CLS_0003,P004970,,,,,,,,,,,,,,,,,,,,,
SCH_007,CLS_0034,P000824,,,,,,,,,,,,,,,,,,,,,
SCH_007,CLS_0034,P001144,,,,,,,,,,,,,,,,,,,,,
SCH_007,CLS_0113,P005711,,,,,,,,,,,,,,,,,,,,,
SCH_007,CLS_0113,P007567,,,,,,,,,,,,,,,,,,,,,
SCH_007,CLS_0113,P006710,,,,,,,,,,,,,,,,,,,,,
SCH_007,CLS_0113,P004789,,,,,,,,,,,,,,,,,,,,,
SCH_007,CLS_0113,P006724,,,,,,,,,,,,,,,,,,,,,
SCH_007,CLS_0113,P004511,,,,,,,,,,,,,,,,,,,,,
SCH_007,CLS_0113,P003446,,,,,,,,,,,,,,,,,,,,,
SCH_007,CLS_0113,P002991,,,,,,,,,,,,,,,,,,,,,
SCH_007,CLS_0023,P002775,,,,,,,,,,,,,,,,,,,,,
SCH_007,CLS_0023,P001905,,,,,,,,,,,,,,,,,,,,,
SCH_007,CLS_0023,P002371,,,,,,,,,,,,,,,,,,,,,
SCH_007,CLS_0023,P004871,,,,,,,,,,,,,,,,,,,,,
SCH_007,CLS_0023,P002462,,,,,,,,,,,,,,,,,,,,,
SCH_007,CLS_0023,P001979,,,,,,,,,,,,,,,,,,,,,
SCH_007,CLS_0082,P000670,,,,,,,,,,,,,,,,,,,,,
SCH_007,CLS_0082,P007653,,,,,,,,,,,,,,,,,,,,,
SCH_007,CLS_0082,P004809,,,,,,,,,,,,,,,,,,,,,
SCH_007,CLS_0158,P006804,,,,,,,,,,,,,,,,,,,,,
SCH_007,CLS_0158,P001154,,,,,,,,,,,,,,,,,,,,,
SCH_007,CLS_0158,P000456,,,,,,,,,,,,,,,,,,,,,
SCH_007,CLS_0158,P007777,,,,,,,,,,,,,,,,,,,,,
SCH_007,CLS_0158,P000923,,,,,,,,,,,,,,,,,,,,,
SCH_007,CLS_0158,P002950,,,,,,,,,,,,,,,,,,,,,
SCH_007,CLS_0158,P006027,,,,,,,,,,,,,,,,,,,,,
SCH_007,CLS_0158,P003440,,,,,,,,,,,,,,,,,,,,,
SCH_007,CLS_0197,P006675,,,,,,,,,,,,,,,,,,,,,
SCH_007,CLS_0197,P001725,,,,,,,,,,,,,,,,,,,,,
SCH_007,CLS_0197,P000836,,,,,,,,,,,,,,,,,,,,,
SCH_007,CLS_0197,P005271,,,,,,,,,,,,,,,,,,,,,
SCH_007,CLS_0197,P007189,,,,,,,,,,,,,,,,,,,,,
SCH_007,CLS_0058,P002386,,,,,,,,,,,,,,,,,,,,,
SCH_007,CLS_0058,P001630,,,,,,,,,,,,,,,,,,,,,
SCH_007,CLS_0058,P001727,,,,,,,,,,,,,,,,,,,,,
SCH_007,CLS_0058,P006328,,,,,,,,,,,,,,,,,,,,,
SCH_007,CLS_0058,P004153,,,,,,,,,,,,,,,,,,,,,
SCH_007,CLS_0058,P001753,,,,,,,,,,,,,,,,,,,,,
SCH_007,CLS_0058,P004473,,,,,,,,,,,,,,,,,,,,,
SCH_007,CLS_0058,P002679,,,,,,,,,,,,,,,,,,,,,
SCH_007,CLS_0058,P001051,,,,,,,,,,,,,,,,,,,,,
SCH_007,CLS_0058,P004274,,,,,,,,,,,,,,,,,,,,,
SCH_007,CLS_0058,P004674,,,,,,,,,,,,,,,,,,,,,
SCH_007,CLS_0058,P004532,,,,,,,,,,,,,,,,,,,,,
SCH_007,CLS_0186,P002250,,,,,,,,,,,,,,,,,,,,,
SCH_007,CLS_0186,P004621,,,,,,,,,,,,,,,,,,,,,
SCH_007,CLS_0186,P006921,,,,,,,,,,,,,,,,,,,,,
SCH_007,CLS_0186,P001889,,,,,,,,,,,,,,,,,,,,,
SCH_007,CLS_0186,P003769,,,,,,,,,,,,,,,,,,,,,
SCH_007,CLS_0186,P007623,,,,,,,,,,,,,,,,,,,,,
SCH_007,CLS_0186,P000407,,,,,,,,,,,,,,,,,,,,,
SCH_007,CLS_0186,P005181,,,,,,,,,,,,,,,,,,,,,
SCH_007,CLS_0186,P006358,,,,,,,,,,,,,,,,,,,,,
SCH_007,CLS_0151,P002783,,,,,,,,,,,,,,,,,,,,,
SCH_007,CLS_0151,P002842,,,,,,,,,,,,,,,,,,,,,
SCH_007,CLS_0151,P000928,,,,,,,,,,,,,,,,,,,,,
SCH_007,CLS_0151,P001998,,,,,,,,,,,,,,,,,,,,,
SCH_007,CLS_0151,P000253,,,,,,,,,,,,,,,,,,,,,
SCH_007,CLS_0151,P004814,,,,,,,,,,,,,,,,,,,,,
SCH_007,CLS_0151,P001485,,,,,,,,,,,,,,,,,,,,,
SCH_007,CLS_0151,P005975,,,,,,,,,,,,,,,,,,,,,
SCH_007,CLS_0151,P007473,,,,,,,,,,,,,,,,,,,,,
SCH_007,CLS_0101,P003945,,,,,,,,,,,,,,,,,,,,,
SCH_007,CLS_0101,P003650,,,,,,,,,,,,,,,,,,,,,
SCH_007,CLS_0101,P007349,,,,,,,,,,,,,,,,,,,,,
SCH_007,CLS_0101,P005703,,,,,,,,,,,,,,,,,,,,,
SCH_007,CLS_0101,P001714,,,,,,,,,,,,,,,,,,,,,
SCH_007,CLS_0101,P003881,,,,,,,,,,,,,,,,,,,,,
SCH_007,CLS_0189,P001408,,,,,,,,,,,,,,,,,,,,,
SCH_007,CLS_0189,P007478,,,,,,,,,,,,,,,,,,,,,
SCH_007,CLS_0189,P002834,,,,,,,,,,,,,,,,,,,,,
SCH_007,CLS_0189,P002527,,,,,,,,,,,,,,,,,,,,,
SCH_007,CLS_0189,P005207,,,,,,,,,,,,,,,,,,,,,
SCH_007,CLS_0189,P006051,,,,,,,,,,,,,,,,,,,,,
SCH_007,CLS_0189,P002879,,,,,,,,,,,,,,,,,,,,,
SCH_007,CLS_0036,P000904,,,,,,,,,,,,,,,,,,,,,
SCH_007,CLS_0036,P003876,,,,,,,,,,,,,,,,,,,,,
SCH_007,CLS_0036,P003228,,,,,,,,,,,,,,,,,,,,,
SCH_007,CLS_0036,P003875,,,,,,,,,,,,,,,,,,,,,
SCH_007,CLS_0036,P000843,,,,,,,,,,,,,,,,,,,,,
SCH_007,CLS_0131,P002212,,,,,,,,,,,,,,,,,,,,,
SCH_007,CLS_0131,P002275,,,,,,,,,,,,,,,,,,,,,
SCH_007,CLS_0131,P002177,,,,,,,,,,,,,,,,,,,,,
SCH_007,CLS_0131,P002157,,,,,,,,,,,,,,,,,,,,,
SCH_007,CLS_0131,P005936,,,,,,,,,,,,,,,,,,,,,
SCH_007,CLS_0131,P002320,,,,,,,,,,,,,,,,,,,,,
SCH_007,CLS_0131,P000695,,,,,,,,,,,,,,,,,,,,,
SCH_007,CLS_0195,P004157,,,,,,,,,,,,,,,,,,,,,
SCH_007,CLS_0195,P005126,,,,,,,,,,,,,,,,,,,,,
SCH_007,CLS_0195,P004023,,,,,,,,,,,,,,,,,,,,,
SCH_007,CLS_0019,P007394,,,,,,,,,,,,,,,,,,,,,
SCH_007,CLS_0019,P005016,,,,,,,,,,,,,,,,,,,,,
SCH_007,CLS_0019,P002731,,,,,,,,,,,,,,,,,,,,,
SCH_007,CLS_0019,P006848,,,,,,,,,,,,,,,,,,,,,
SCH_007,CLS_0019,P001962,,,,,,,,,,,,,,,,,,,,,
SCH_007,CLS_0181,P006468,,,,,,,,,,,,,,,,,,,,,
SCH_007,CLS_0181,P004024,,,,,,,,,,,,,,,,,,,,,
SCH_007,CLS_0181,P000659,,,,,,,,,,,,,,,,,,,,,
SCH_007,CLS_0106,P004932,,,,,,,,,,,,,,,,,,,,,
SCH_007,CLS_0106,P002618,,,,,,,,,,,,,,,,,,,,,
SCH_007,CLS_0106,P002502,,,,,,,,,,,,,,,,,,,,,
SCH_007,CLS_0106,P005834,,,,,,,,,,,,,,,,,,,,,
SCH_007,CLS_0106,P003323,,,,,,,,,,,,,,,,,,,,,
SCH_007,CLS_0106,P007025,,,,,,,,,,,,,,,,,,,,,
SCH_007,CLS_0106,P005947,,,,,,,,,,,,,,,,,,,,,
SCH_007,CLS_0106,P005433,,,,,,,,,,,,,,,,,,,,,
SCH_007,CLS_0147,P002020,,,,,,,,,,,,,,,,,,,,,
SCH_007,CLS_0147,P001229,,,,,,,,,,,,,,,,,,,,,
SCH_007,CLS_0147,P005092,,,,,,,,,,,,,,,,,,,,,
SCH_007,CLS_0147,P007512,,,,,,,,,,,,,,,,,,,,,
SCH_007,CLS_0147,P000421,,,,,,,,,,,,,,,,,,,,,
SCH_007,CLS_0194,P003856,,,,,,,,,,,,,,,,,,,,,
SCH_007,CLS_0194,P007195,,,,,,,,,,,,,,,,,,,,,
SCH_007,CLS_0194,P003701,,,,,,,,,,,,,,,,,,,,,
SCH_007,CLS_0194,P005968,,,,,,,,,,,,,,,,,,,,,
SCH_007,CLS_0194,P004539,,,,,,,,,,,,,,,,,,,,,
SCH_007,CLS_0194,P002195,,,,,,,,,,,,,,,,,,,,,
SCH_007,CLS_0194,P007750,,,,,,,,,,,,,,,,,,,,,
SCH_007,CLS_0194,P003391,,,,,,,,,,,,,,,,,,,,,
SCH_007,CLS_0194,P002341,,,,,,,,,,,,,,,,,,,,,
SCH_007,CLS_0194,P004878,,,,,,,,,,,,,,,,,,,,,
SCH_007,CLS_0244,P002241,,,,,,,,,,,,,,,,,,,,,
SCH_007,CLS_0244,P002514,,,,,,,,,,,,,,,,,,,,,
SCH_007,CLS_0244,P004635,,,,,,,,,,,,,,,,,,,,,
SCH_007,CLS_0244,P006956,,,,,,,,,,,,,,,,,,,,,
SCH_007,CLS_0244,P004680,,,,,,,,,,,,,,,,,,,,,
SCH_007,CLS_0244,P000101,,,,,,,,,,,,,,,,,,,,,
SCH_007,CLS_0039,P003567,,,,,,,,,,,,,,,,,,,,,
SCH_007,CLS_0039,P006747,,,,,,,,,,,,,,,,,,,,,
SCH_007,CLS_0039,P005821,,,,,,,,,,,,,,,,,,,,,
SCH_007,CLS_0039,P006806,,,,,,,,,,,,,,,,,,,,,
SCH_007,CLS_0039,P001084,,,,,,,,,,,,,,,,,,,,,
SCH_007,CLS_0039,P004295,,,,,,,,,,,,,,,,,,,,,
SCH_007,CLS_0039,P001757,,,,,,,,,,,,,,,,,,,,,
SCH_007,CLS_0039,P006326,,,,,,,,,,,,,,,,,,,,,
SCH_007,CLS_0039,P005111,,,,,,,,,,,,,,,,,,,,,
SCH_007,CLS_0039,P003005,,,,,,,,,,,,,,,,,,,,,
SCH_007,CLS_0039,P003978,,,,,,,,,,,,,,,,,,,,,
SCH_007,CLS_0225,P006138,,,,,,,,,,,,,,,,,,,,,
SCH_007,CLS_0225,P003223,,,,,,,,,,,,,,,,,,,,,
SCH_007,CLS_0225,P007562,,,,,,,,,,,,,,,,,,,,,
SCH_007,CLS_0225,P001855,,,,,,,,,,,,,,,,,,,,,
SCH_007,CLS_0225,P004663,,,,,,,,,,,,,,,,,,,,,
SCH_007,CLS_0040,P007283,,,,,,,,,,,,,,,,,,,,,
SCH_007,CLS_0040,P003055,,,,,,,,,,,,,,,,,,,,,
SCH_007,CLS_0040,P007057,,,,,,,,,,,,,,,,,,,,,
SCH_007,CLS_0040,P007314,,,,,,,,,,,,,,,,,,,,,
SCH_007,CLS_0040,P003019,,,,,,,,,,,,,,,,,,,,,
SCH_007,CLS_0040,P001361,,,,,,,,,,,,,,,,,,,,,
SCH_007,CLS_0040,P002501,,,,,,,,,,,,,,,,,,,,,
SCH_007,CLS_0077,P002955,,,,,,,,,,,,,,,,,,,,,
SCH_007,CLS_0077,P004474,,,,,,,,,,,,,,,,,,,,,
SCH_007,CLS_0077,P000938,,,,,,,,,,,,,,,,,,,,,
SCH_007,CLS_0077,P002932,,,,,,,,,,,,,,,,,,,,,
SCH_007,CLS_0077,P004617,,,,,,,,,,,,,,,,,,,,,
SCH_007,CLS_0077,P006978,,,,,,,,,,,,,,,,,,,,,
SCH_007,CLS_0227,P001204,,,,,,,,,,,,,,,,,,,,,
SCH_007,CLS_0227,P004224,,,,,,,,,,,,,,,,,,,,,
SCH_007,CLS_0227,P005264,,,,,,,,,,,,,,,,,,,,,
SCH_007,CLS_0227,P005836,,,,,,,,,,,,,,,,,,,,,
SCH_007,CLS_0227,P005891,,,,,,,,,,,,,,,,,,,,,
SCH_007,CLS_0227,P002575,,,,,,,,,,,,,,,,,,,,,
SCH_007,CLS_0227,P002807,,,,,,,,,,,,,,,,,,,,,
SCH_007,CLS_0227,P001486,,,,,,,,,,,,,,,,,,,,,
SCH_007,CLS_0227,P006780,,,,,,,,,,,,,,,,,,,,,
SCH_001,CLS_0041,P007771,,,,,,,,,,,,,,,,,,,,,
SCH_001,CLS_0041,P001190,,,,,,,,,,,,,,,,,,,,,
SCH_001,CLS_0041,P005030,,,,,,,,,,,,,,,,,,,,,
SCH_001,CLS_0232,P006717,,,,,,,,,,,,,,,,,,,,,
SCH_001,CLS_0232,P006112,,,,,,,,,,,,,,,,,,,,,
SCH_001,CLS_0094,P007442,,,,,,,,,,,,,,,,,,,,,
SCH_001,CLS_0220,P004945,,,,,,,,,,,,,,,,,,,,,
SCH_001,CLS_0220,P007267,,,,,,,,,,,,,,,,,,,,,
SCH_001,CLS_0220,P004254,,,,,,,,,,,,,,,,,,,,,
SCH_001,CLS_0015,P000224,,,,,,,,,,,,,,,,,,,,,
SCH_001,CLS_0015,P007578,,,,,,,,,,,,,,,,,,,,,
SCH_001,CLS_0229,P006105,,,,,,,,,,,,,,,,,,,,,
SCH_001,CLS_0229,P000981,,,,,,,,,,,,,,,,,,,,,
SCH_001,CLS_0024,P007010,,,,,,,,,,,,,,,,,,,,,
SCH_001,CLS_0024,P003859,,,,,,,,,,,,,,,,,,,,,
SCH_001,CLS_0110,P005849,,,,,,,,,,,,,,,,,,,,,
SCH_001,CLS_0016,P001593,,,,,,,,,,,,,,,,,,,,,
SCH_001,CLS_0016,P007401,,,,,,,,,,,,,,,,,,,,,
SCH_001,CLS_0016,P002939,,,,,,,,,,,,,,,,,,,,,
SCH_001,CLS_0016,P001856,,,,,,,,,,,,,,,,,,,,,
SCH_001,CLS_0016,P000727,,,,,,,,,,,,,,,,,,,,,
SCH_002,CLS_0237,P003540,,,,,,,,,,,,,,,,,,,,,
SCH_002,CLS_0237,P004961,,,,,,,,,,,,,,,,,,,,,
SCH_002,CLS_0237,P007119,,,,,,,,,,,,,,,,,,,,,
SCH_002,CLS_0192,P003589,,,,,,,,,,,,,,,,,,,,,
SCH_002,CLS_0192,P001976,,,,,,,,,,,,,,,,,,,,,
SCH_002,CLS_0192,P006974,,,,,,,,,,,,,,,,,,,,,
SCH_002,CLS_0192,P000115,,,,,,,,,,,,,,,,,,,,,
SCH_002,CLS_0192,P004441,,,,,,,,,,,,,,,,,,,,,
SCH_002,CLS_0192,P004324,,,,,,,,,,,,,,,,,,,,,
SCH_002,CLS_0102,P002556,,,,,,,,,,,,,,,,,,,,,
SCH_002,CLS_0102,P002196,,,,,,,,,,,,,,,,,,,,,
SCH_002,CLS_0102,P006351,,,,,,,,,,,,,,,,,,,,,
SCH_002,CLS_0102,P004100,,,,,,,,,,,,,,,,,,,,,
SCH_002,CLS_0102,P000423,,,,,,,,,,,,,,,,,,,,,
SCH_002,CLS_0102,P000567,,,,,,,,,,,,,,,,,,,,,
SCH_002,CLS_0102,P003573,,,,,,,,,,,,,,,,,,,,,
SCH_002,CLS_0102,P004300,,,,,,,,,,,,,,,,,,,,,
SCH_002,CLS_0102,P005391,,,,,,,,,,,,,,,,,,,,,
SCH_002,CLS_0054,P002235,,,,,,,,,,,,,,,,,,,,,
SCH_002,CLS_0054,P003948,,,,,,,,,,,,,,,,,,,,,
SCH_002,CLS_0054,P006043,,,,,,,,,,,,,,,,,,,,,
SCH_002,CLS_0054,P002282,,,,,,,,,,,,,,,,,,,,,
SCH_002,CLS_0054,P005843,,,,,,,,,,,,,,,,,,,,,
SCH_002,CLS_0057,P007231,,,,,,,,,,,,,,,,,,,,,
SCH_002,CLS_0057,P004558,,,,,,,,,,,,,,,,,,,,,
SCH_002,CLS_0078,P002964,,,,,,,,,,,,,,,,,,,,,
SCH_002,CLS_0078,P001915,,,,,,,,,,,,,,,,,,,,,
SCH_002,CLS_0214,P005827,,,,,,,,,,,,,,,,,,,,,
SCH_002,CLS_0214,P001387,,,,,,,,,,,,,,,,,,,,,
SCH_002,CLS_0214,P002998,,,,,,,,,,,,,,,,,,,,,
SCH_002,CLS_0214,P006803,,,,,,,,,,,,,,,,,,,,,
SCH_002,CLS_0198,P001171,,,,,,,,,,,,,,,,,,,,,
SCH_002,CLS_0198,P000663,,,,,,,,,,,,,,,,,,,,,
SCH_002,CLS_0198,P002624,,,,,,,,,,,,,,,,,,,,,
SCH_002,CLS_0198,P001341,,,,,,,,,,,,,,,,,,,,,
SCH_002,CLS_0198,P005464,,,,,,,,,,,,,,,,,,,,,
SCH_002,CLS_0205,P005448,,,,,,,,,,,,,,,,,,,,,
SCH_002,CLS_0205,P004411,,,,,,,,,,,,,,,,,,,,,
SCH_002,CLS_0205,P001129,,,,,,,,,,,,,,,,,,,,,
SCH_002,CLS_0205,P003503,,,,,,,,,,,,,,,,,,,,,
SCH_002,CLS_0205,P004048,,,,,,,,,,,,,,,,,,,,,
SCH_002,CLS_0132,P005884,,,,,,,,,,,,,,,,,,,,,
SCH_002,CLS_0132,P003417,,,,,,,,,,,,,,,,,,,,,
SCH_002,CLS_0132,P001197,,,,,,,,,,,,,,,,,,,,,
SCH_002,CLS_0132,P000085,,,,,,,,,,,,,,,,,,,,,
SCH_002,CLS_0132,P003932,,,,,,,,,,,,,,,,,,,,,
SCH_002,CLS_0132,P007536,,,,,,,,,,,,,,,,,,,,,
SCH_002,CLS_0132,P001949,,,,,,,,,,,,,,,,,,,,,
SCH_002,CLS_0132,P004337,,,,,,,,,,,,,,,,,,,,,
SCH_002,CLS_0175,P006442,,,,,,,,,,,,,,,,,,,,,
SCH_002,CLS_0175,P004531,,,,,,,,,,,,,,,,,,,,,
SCH_002,CLS_0221,P005679,,,,,,,,,,,,,,,,,,,,,
SCH_002,CLS_0221,P002583,,,,,,,,,,,,,,,,,,,,,
SCH_002,CLS_0221,P002031,,,,,,,,,,,,,,,,,,,,,
SCH_002,CLS_0127,P005820,,,,,,,,,,,,,,,,,,,,,
SCH_002,CLS_0127,P002890,,,,,,,,,,,,,,,,,,,,,
SCH_002,CLS_0127,P006767,,,,,,,,,,,,,,,,,,,,,
SCH_002,CLS_0127,P007335,,,,,,,,,,,,,,,,,,,,,
SCH_002,CLS_0127,P000165,,,,,,,,,,,,,,,,,,,,,
SCH_002,CLS_0127,P005170,,,,,,,,,,,,,,,,,,,,,
SCH_002,CLS_0127,P003716,,,,,,,,,,,,,,,,,,,,,
SCH_002,CLS_0127,P000157,,,,,,,,,,,,,,,,,,,,,
SCH_002,CLS_0137,P006266,,,,,,,,,,,,,,,,,,,,,
SCH_002,CLS_0137,P006428,,,,,,,,,,,,,,,,,,,,,
SCH_002,CLS_0137,P001923,,,,,,,,,,,,,,,,,,,,,
SCH_002,CLS_0137,P002883,,,,,,,,,,,,,,,,,,,,,
SCH_002,CLS_0137,P005082,,,,,,,,,,,,,,,,,,,,,
SCH_002,CLS_0137,P001845,,,,,,,,,,,,,,,,,,,,,
SCH_002,CLS_0137,P003192,,,,,,,,,,,,,,,,,,,,,
SCH_002,CLS_0137,P007337,,,,,,,,,,,,,,,,,,,,,
SCH_002,CLS_0137,P003269,,,,,,,,,,,,,,,,,,,,,
SCH_002,CLS_0137,P005325,,,,,,,,,,,,,,,,,,,,,
